Player id,Player,Position,Number,D.O.B,Age,Height (cm),Country,Caps,International goals
336722,Alan PULIDO,Forward,11,08.03.1991,23,176,Mexico,5,4
368902,Adam TAGGART,Forward,9,02.06.1993,21,172,Australia,4,3
362641,Reza GHOOCHANNEJAD,Forward,16,20.09.1987,26,181,Iran,13,9
314197,NEYMAR,Forward,10,05.02.1992,22,175,Brazil,48,31
212306,Didier DROGBA,Forward,11,11.03.1978,36,180,Ivory Coast,100,61
229884,David VILLA,Forward,7,03.12.1981,32,175,Spain,95,56
305372,Abel HERNANDEZ,Forward,8,08.08.1990,23,186,Uruguay,12,7
228599,Javier HERNANDEZ,Forward,14,01.06.1988,26,175,Mexico,61,35
300409,Edin DZEKO,Forward,11,17.03.1986,28,192,Bosnia & Herzegovina,62,35
184615,Klaas Jan HUNTELAAR,Forward,19,12.08.1983,30,187,Netherlands,61,34
271550,Gonzalo HIGUAIN,Forward,9,10.12.1987,26,184,Argentina,36,20
227851,Oribe PERALTA,Forward,19,12.01.1984,30,177,Mexico,27,15
354859,Islam SLIMANI,Forward,13,18.06.1988,26,188,Algeria,19,10
182206,Miroslav KLOSE,Forward,11,09.06.1978,36,182,Germany,131,68
217315,Robin VAN PERSIE,Forward,9,06.08.1983,30,186,Netherlands,84,43
286278,Shinji OKAZAKI,Forward,9,16.04.1986,28,174,Japan,75,38
270775,Luis SUAREZ,Forward,9,24.01.1987,27,181,Uruguay,77,39
233952,FRED,Forward,9,03.10.1983,30,186,Brazil,32,16
312316,Eric CHOUPO MOTING,Forward,13,23.03.1989,25,190,Cameroon,26,13
356411,Fabian SCHAER,Defender,22,20.12.1991,22,186,Switzerland,6,3
338673,Uche NWOFOR,Forward,19,17.09.1991,22,177,Nigeria,6,3
373224,Rickie LAMBERT,Forward,18,16.02.1982,32,188,England,4,2
379894,Miiko ALBORNOZ,Defender,3,30.11.1990,23,180,Chile,2,1
208353,Asamoah GYAN,Forward,3,22.11.1985,28,186,Ghana,77,38
296994,El Arabi SOUDANI,Forward,15,25.11.1987,26,177,Algeria,21,10
339508,Chris WONDOLOWSKI,Forward,18,28.01.1983,31,182,USA,19,9
213001,Tim CAHILL,Forward,4,06.12.1979,34,180,Australia,68,32
214384,EDUARDO_1,Forward,22,25.02.1983,31,177,Croatia,62,29
170667,Samuel ETOO,Forward,9,10.03.1981,33,181,Cameroon,117,54
271414,Carlo COSTLY,Forward,13,18.07.1982,31,190,Honduras,68,31
275096,Yoichiro KAKITANI,Forward,11,03.01.1990,24,177,Japan,11,5
270301,Eduardo VARGAS,Forward,11,20.11.1989,24,175,Chile,29,13
201200,CRISTIANO RONALDO,Forward,7,05.02.1985,29,185,Portugal,110,49
323623,Jerry BENGTSON,Forward,11,08.04.1987,27,187,Honduras,43,19
229397,Lionel MESSI,Forward,10,24.06.1987,26,169,Argentina,84,37
235097,Mubarak WAKASO,Midfielder,22,25.07.1990,23,171,Ghana,16,7
356399,Josip DRMIC,Forward,19,08.08.1992,21,182,Switzerland,7,3
196842,Wayne ROONEY,Forward,10,24.10.1985,28,176,England,90,38
228528,Sergio AGUERO,Forward,20,02.06.1988,26,172,Argentina,50,21
309716,Teofilo GUTIERREZ,Forward,9,17.05.1985,29,180,Columbia,29,12
301059,Mario BALOTELLI,Forward,9,12.08.1990,23,189,Italy,29,12
364763,Emmanuel EMENIKE,Forward,9,10.05.1987,27,182,Nigeria,22,9
196789,Lukas PODOLSKI,Forward,10,04.06.1985,29,180,Germany,113,46
187203,HELDER POSTIGA,Forward,23,02.08.1982,31,182,Portugal,67,27
367261,Nabil GHILAS,Forward,9,20.04.1990,24,183,Algeria,5,2
207761,PARK Chuyoung,Forward,10,10.07.1985,28,183,South Korea,62,24
306548,Andre SCHUERRLE,Forward,9,06.11.1990,23,184,Germany,32,12
275136,Yuya OSAKO,Forward,18,18.05.1990,24,182,Japan,8,3
300411,Vedad IBISEVIC,Forward,9,06.08.1984,29,189,Bosnia & Herzegovina,55,20
233500,Keisuke HONDA,Forward,4,13.06.1986,28,182,Japan,55,20
274034,Danny WELBECK,Forward,11,26.11.1990,23,184,England,22,8
306532,Daniel STURRIDGE,Forward,9,01.09.1989,24,179,England,11,4
319470,Mario GAVRANOVIC,Forward,17,24.11.1989,24,175,Switzerland,11,4
318601,Pedro RODRIGUEZ,Forward,11,28.07.1987,26,169,Spain,39,14
319311,Marco FABIAN,Midfielder,8,21.07.1989,24,171,Mexico,14,5
321722,Thomas MUELLER,Forward,13,13.09.1989,24,186,Germany,48,17
214135,Pierre WEBO,Forward,15,20.01.1982,32,180,Cameroon,54,19
352394,Marco REUS,Forward,21,31.05.1989,25,180,Germany,20,7
207851,Clint DEMPSEY,Forward,8,09.03.1983,31,185,USA,103,36
353118,Wilfried BONY,Forward,12,10.12.1988,25,182,Ivory Coast,23,8
230517,Theofanis GEKAS,Forward,17,23.05.1980,34,179,Greece,71,24
183864,Fernando TORRES,Forward,9,20.03.1984,30,186,Spain,107,36
216970,Salomon KALOU,Forward,8,05.08.1985,28,175,Ivory Coast,66,22
228627,Alexis SANCHEZ,Forward,7,19.12.1988,25,169,Chile,66,22
291393,KOO Jacheol,Forward,13,27.02.1989,25,182,South Korea,36,12
298681,Jeremain LENS,Forward,17,24.11.1987,26,178,Netherlands,21,7
229506,Cristhian STUANI,Forward,11,12.10.1986,27,186,Uruguay,9,3
373400,Enner VALENCIA,Forward,13,04.11.1989,24,179,Ecuador,9,3
186455,Shola AMEOBI,Forward,23,12.10.1981,32,188,Nigeria,6,2
218306,WILLIAN,Midfielder,19,09.08.1988,25,176,Brazil,6,2
358891,Oleg SHATOV,Midfielder,17,29.07.1990,23,176,Russia,6,2
306900,Okechukwu UCHEBO,Forward,20,03.02.1990,24,194,Nigeria,3,1
336435,Antoine GRIEZMANN,Forward,11,21.03.1991,23,175,France,3,1
189259,Diego FORLAN,Forward,10,19.05.1979,35,181,Uruguay,109,36
267834,Edinson CAVANI,Forward,21,14.02.1987,27,188,Uruguay,61,20
268596,Shinji KAGAWA,Forward,10,17.03.1989,25,172,Japan,56,18
214410,HUGO ALMEIDA,Forward,9,23.05.1984,30,193,Portugal,54,17
305036,Mesut OEZIL,Midfielder,8,15.10.1988,25,180,Germany,54,17
186808,Aleksandr KERZHAKOV,Forward,11,27.11.1982,31,175,Russia,80,25
217172,JO,Forward,21,20.03.1987,27,191,Brazil,16,5
358112,Romelu LUKAKU,Forward,9,13.05.1993,21,190,Belgium,29,9
216071,Zvjezdan MISIMOVIC,Midfielder,10,05.06.1982,32,180,Bosnia & Herzegovina,81,25
196812,Ashkan DEJAGAH,Forward,21,05.07.1986,27,182,Iran,13,4
228715,Felipe CAICEDO,Forward,11,05.09.1988,25,183,Ecuador,49,15
270144,Marcos URENA,Forward,21,05.03.1990,24,179,Costa Rica,23,7
349572,Jaimen AYOVI,Forward,17,21.02.1988,26,186,Ecuador,30,9
312868,OSCAR,Midfielder,11,09.09.1991,22,181,Brazil,30,9
349512,Carlos BACCA,Forward,17,08.09.1986,27,181,Columbia,10,3
366573,Saphir TAIDER,Midfielder,19,29.02.1992,22,179,Algeria,10,3
184616,Arjen ROBBEN,Forward,11,23.01.1984,30,180,Netherlands,74,22
313832,Jackson MARTINEZ,Forward,21,03.10.1986,27,186,Columbia,27,8
330689,JI Dongwon,Midfielder,19,28.05.1991,23,186,South Korea,27,8
238072,Jozy ALTIDORE,Forward,17,06.11.1989,24,185,USA,68,20
313874,Esteban PAREDES,Forward,22,01.08.1980,33,179,Chile,34,10
297383,Roman SHIROKOV,Midfielder,15,06.07.1981,32,183,Russia,41,12
297103,Karim BENZEMA,Forward,10,19.12.1987,26,185,France,65,19
297839,Konan YA,Midfielder,13,22.05.1984,30,174,Ivory Coast,24,7
268149,LEE Keunho,Forward,11,11.04.1985,29,177,South Korea,63,18
274090,Victor MOSES,Forward,11,12.12.1990,23,177,Nigeria,21,6
184291,Maxi RODRIGUEZ,Midfielder,11,02.01.1981,33,180,Argentina,53,15
185385,Frank LAMPARD,Midfielder,8,20.06.1978,36,181,England,103,29
307529,Joel CAMPBELL,Forward,9,26.06.1992,21,178,Costa Rica,32,9
177927,Antonio CASSANO,Forward,10,12.07.1982,31,175,Italy,36,10
319358,Sofiane FEGHOULI,Forward,10,26.12.1989,24,177,Algeria,18,5
267811,Juan MATA,Forward,13,28.04.1988,26,171,Spain,33,9
321653,Xherdan SHAQIRI,Midfielder,23,10.10.1991,22,169,Switzerland,33,9
185641,Javad NEKOUNAM,Midfielder,6,07.09.1980,33,188,Iran,137,37
215002,Wesley SNEIJDER,Midfielder,10,09.06.1984,30,171,Netherlands,98,26
375518,Mario MANDZUKIC,Forward,17,21.05.1986,28,188,Croatia,49,13
318172,HULK,Forward,7,25.07.1986,27,179,Brazil,34,9
183000,Sulley MUNTARI,Midfielder,11,27.08.1984,29,179,Ghana,80,21
318768,Konstantinos MITROGLOU,Forward,9,12.03.1988,26,188,Greece,31,8
200176,David SILVA,Midfielder,21,08.01.1986,28,170,Spain,79,20
290186,GERVINHO,Forward,10,27.05.1987,27,179,Ivory Coast,52,13
302539,Alan DZAGOEV,Midfielder,10,17.06.1990,24,178,Russia,32,8
309316,Mario GOETZE,Forward,19,03.06.1992,22,176,Germany,28,7
307849,SON Heungmin,Midfielder,9,08.07.1992,21,183,South Korea,24,6
367393,Majeed WARIS,Forward,18,19.09.1991,22,172,Ghana,12,3
375459,Fidel MARTINEZ,Midfielder,20,15.02.1990,24,176,Ecuador,8,2
367347,Aron JOHANNSSON,Forward,9,10.11.1990,23,182,USA,8,2
356403,Izet HAJROVIC,Midfielder,20,04.08.1991,22,177,Bosnia & Herzegovina,8,2
275112,Manabu SAITO,Forward,20,04.04.1990,24,169,Japan,4,1
319438,Georginio WIJNALDUM,Midfielder,20,11.11.1990,23,175,Netherlands,4,1
359235,Lorenzo INSIGNE,Forward,22,04.06.1991,23,163,Italy,4,1
379972,Acquah AFRIYIE,Midfielder,6,01.05.1992,22,162,Ghana,4,1
369058,Ante REBIC,Forward,16,21.09.1993,20,185,Croatia,4,1
217313,Dirk KUYT,Forward,15,22.07.1980,33,184,Netherlands,98,24
358015,Olivier GIROUD,Forward,9,30.09.1986,27,192,France,29,7
358048,Alexander KOKORIN,Forward,9,19.03.1991,23,182,Russia,21,5
196752,Bastian SCHWEINSTEIGER,Midfielder,7,01.08.1984,29,183,Germany,101,23
358120,Kevin DE BRUYNE,Midfielder,7,28.06.1991,22,181,Belgium,22,5
330659,Karim ANSARI FARD,Forward,10,03.04.1990,24,185,Iran,40,9
300235,Victor FAYZULIN,Midfielder,20,22.04.1986,28,176,Russia,18,4
213953,Jerry PALACIOS,Midfielder,9,13.05.1982,32,181,Honduras,23,5
356198,Alex OXLADE CHAMBERLAIN,Midfielder,15,15.08.1993,20,180,England,14,3
236530,Celso BORGES,Midfielder,5,27.05.1988,26,184,Costa Rica,61,13
214876,Bryan RUIZ,Forward,10,18.08.1985,28,187,Costa Rica,62,13
299878,Loic REMY,Forward,20,02.01.1987,27,185,France,24,5
234551,Giovani DOS SANTOS,Forward,10,11.05.1989,25,179,Mexico,73,15
237058,Randall BRENES,Forward,14,13.08.1983,30,170,Costa Rica,39,8
290452,Jefferson MONTERO,Midfielder,7,01.09.1989,24,170,Ecuador,39,8
290903,Kevin MIRALLAS,Forward,11,05.10.1987,26,179,Belgium,44,9
266800,Angel DI MARIA,Midfielder,7,14.02.1988,26,178,Argentina,45,9
362727,PAULINHO,Midfielder,8,25.07.1988,25,181,Brazil,25,5
306954,Jordi ALBA,Defender,18,21.03.1989,25,170,Spain,25,5
367388,Paul POGBA,Midfielder,19,15.03.1993,21,192,France,10,2
359217,Marco VERRATTI,Midfielder,23,05.11.1992,21,168,Italy,5,1
379886,Alireza JAHAN BAKHSH,Forward,9,11.08.1993,20,181,Iran,5,1
187258,Ivica OLIC,Forward,18,14.09.1979,34,183,Croatia,91,18
248373,Franck RIBERY,Forward,7,07.04.1983,31,175,France,81,16
198106,Yaya TOURE,Midfielder,19,13.05.1983,31,189,Ivory Coast,82,16
254167,NANI,Forward,17,17.11.1986,27,175,Portugal,73,14
214961,Steven GERRARD,Midfielder,4,30.05.1980,34,185,England,110,21
269058,James RODRIGUEZ,Midfielder,10,12.07.1991,22,180,Columbia,21,4
210704,Darijo SRNA,Defender,11,01.05.1982,32,182,Croatia,111,21
216435,Alexander SAMEDOV,Forward,19,19.07.1984,29,178,Russia,16,3
254166,VARELA,Forward,18,02.02.1985,29,180,Portugal,22,4
355997,Christian ATSU,Midfielder,7,10.01.1992,22,165,Ghana,22,4
178299,Mark BRESCIANO,Midfielder,23,11.02.1980,34,182,Australia,73,13
297705,Santi CAZORLA,Midfielder,20,13.12.1984,29,169,Spain,63,11
356731,Raul JIMENEZ,Forward,9,05.05.1991,23,186,Mexico,23,4
215513,Dimitrios SALPINGIDIS,Forward,14,18.08.1981,32,171,Greece,75,13
214228,Peter ODEMWINGIE,Forward,8,15.07.1981,32,181,Nigeria,60,10
299198,Miralem PJANIC,Midfielder,8,02.04.1990,24,180,Bosnia & Herzegovina,48,8
358024,Ioannis FETFATZIDIS,Forward,18,21.12.1990,23,164,Greece,18,3
367913,DANTE,Defender,13,18.10.1983,30,189,Brazil,12,2
196897,Kevin Prince BOATENG,Forward,9,06.03.1987,27,182,Ghana,12,2
371044,Miguel LAYUN,Defender,7,25.06.1988,25,178,Mexico,12,2
353235,Jordan AYEW,Forward,13,11.09.1991,22,160,Ghana,12,2
208016,FERNANDINHO,Midfielder,5,04.05.1985,29,179,Brazil,6,1
316997,Enzo PEREZ,Midfielder,8,22.02.1986,28,177,Argentina,6,1
356407,Michael LANG,Defender,6,08.02.1991,23,185,Switzerland,6,1
178842,Edison MENDEZ,Midfielder,8,16.03.1979,35,175,Ecuador,110,18
290902,Marouane FELLAINI,Midfielder,8,22.11.1987,26,194,Belgium,50,8
201787,Mauricio PINILLA,Forward,9,04.02.1984,30,185,Chile,25,4
209119,Daniele DE ROSSI,Midfielder,16,24.07.1983,30,182,Italy,94,15
175524,Michael ESSIEN,Midfielder,5,03.12.1982,31,180,Ghana,57,9
312672,Mix DISKERUD,Midfielder,10,02.10.1990,23,182,USA,19,3
316117,Nikica JELAVIC,Forward,9,27.08.1985,28,187,Croatia,32,5
311558,Granit XHAKA,Midfielder,10,27.09.1992,21,183,Switzerland,26,4
217117,Carlos VALDES,Defender,23,22.05.1985,29,189,Columbia,13,2
297106,Mathieu VALBUENA,Midfielder,8,28.09.1984,29,167,France,33,5
267543,Arturo VIDAL,Midfielder,8,22.05.1987,27,178,Chile,53,8
358108,Nacer CHADLI,Midfielder,22,02.08.1989,24,187,Belgium,20,3
274946,Emmanuel AGYEMANG BADU,Midfielder,8,02.12.1990,23,173,Ghana,47,7
175498,DaMarcus BEASLEY,Defender,7,24.05.1982,32,170,USA,115,17
200179,Cesc FABREGAS,Midfielder,10,04.05.1987,27,175,Spain,88,13
296633,Ivan RAKITIC,Midfielder,7,10.03.1988,26,184,Croatia,61,9
212410,KWAK Taehwi,Defender,4,08.07.1981,32,185,South Korea,34,5
215623,Alberto AQUILANI,Midfielder,14,07.07.1984,29,184,Italy,34,5
233531,Michael BRADLEY,Midfielder,4,31.07.1987,26,185,USA,84,12
233167,Haris MEDUNJANIN,Midfielder,18,08.03.1985,29,188,Bosnia & Herzegovina,35,5
207906,JUANFRAN,Defender,5,09.01.1985,29,180,Spain,7,1
298892,Augusto FERNANDEZ,Midfielder,13,10.04.1986,28,177,Argentina,7,1
354875,Abdelmoumene DJABOU,Forward,18,31.01.1987,27,168,Algeria,7,1
372989,Ermin BICAKCIC,Defender,3,24.01.1990,24,185,Bosnia & Herzegovina,7,1
321697,Mathew LECKIE,Forward,7,04.02.1991,23,181,Australia,7,1
367396,Fabrice OLINGA,Forward,19,12.05.1996,18,177,Cameroon,7,1
251352,Andres GUARDADO,Defender,18,28.09.1986,27,167,Mexico,101,14
229392,Ezequiel LAVEZZI,Forward,22,03.05.1985,29,173,Argentina,29,4
207528,Xabi ALONSO,Midfielder,14,25.11.1981,32,183,Spain,109,15
210214,RAUL MEIRELES,Midfielder,16,17.03.1983,31,179,Portugal,73,10
360728,Graham ZUSI,Midfielder,19,18.08.1986,27,177,USA,22,3
209979,Tranquillo BARNETTA,Midfielder,7,22.05.1985,29,178,Switzerland,74,10
344714,Ahmed MUSA,Forward,7,14.10.1992,21,176,Nigeria,37,5
273996,Eden HAZARD,Midfielder,10,07.01.1991,23,172,Belgium,45,6
218284,MARCELO,Defender,6,12.05.1988,26,174,Brazil,30,4
358736,Bruno MARTINS INDI,Defender,4,08.02.1992,22,186,Netherlands,15,2
305764,Gary CAHILL,Defender,5,19.12.1985,28,191,England,23,3
210213,BRUNO ALVES,Defender,2,27.11.1981,32,187,Portugal,71,9
375523,Daniel VAN BUYTEN,Defender,15,07.02.1978,36,196,Belgium,79,10
178119,Rafael MARQUEZ,Defender,4,13.02.1979,35,184,Mexico,119,15
183857,Andres INIESTA,Midfielder,6,11.05.1984,30,170,Spain,96,12
297331,Valentin STOCKER,Midfielder,14,12.04.1989,25,179,Switzerland,24,3
349592,Eugenio MENA,Defender,2,18.07.1988,25,174,Chile,24,3
296118,Benjamin MOUKANDJO,Forward,8,12.11.1988,25,178,Cameroon,16,2
349517,Victor IBARBO,Forward,14,19.05.1990,24,188,Columbia,8,1
177876,Andrea PIRLO,Midfielder,21,19.05.1979,35,177,Italy,108,13
353119,Max GRADEL,Midfielder,15,30.11.1987,26,177,Ivory Coast,25,3
275162,Toni KROOS,Midfielder,18,04.01.1990,24,182,Germany,43,5
358049,Denis GLUSHAKOV,Midfielder,8,27.01.1987,27,182,Russia,26,3
305378,Nicolas LODEIRO,Midfielder,14,21.03.1989,25,173,Uruguay,26,3
202544,Antonio VALENCIA,Midfielder,16,04.08.1985,28,180,Ecuador,70,8
184545,Segundo CASTILLO,Midfielder,14,15.05.1982,32,180,Ecuador,81,9
216567,Cristian RODRIGUEZ,Midfielder,7,30.09.1985,28,178,Uruguay,72,8
268414,LEE Chungyong,Midfielder,17,02.07.1988,25,180,South Korea,54,6
289195,Paul AGUILAR,Defender,22,06.03.1986,28,178,Mexico,27,3
321745,KIM Shinwook,Forward,18,14.04.1988,26,196,South Korea,27,3
309714,Juan CUADRADO,Midfielder,11,26.05.1988,26,178,Columbia,27,3
291389,KIM Bokyung,Midfielder,7,06.10.1989,24,178,South Korea,27,3
274135,Mamadou SAKHO,Defender,5,13.02.1990,24,186,France,18,2
295153,Ahmad ALNAMEH,Defender,17,20.10.1982,31,189,Iran,9,1
268594,Masato MORISHIGE,Defender,6,21.05.1987,27,183,Japan,9,1
369990,Rony MARTINEZ,Forward,16,16.10.1987,26,171,Honduras,9,1
336837,Diego CALVO,Midfielder,20,25.03.1991,23,178,Costa Rica,9,1
297112,Georgios SAMARAS,Forward,7,21.02.1985,29,192,Greece,73,8
241559,Luka MODRIC,Midfielder,10,09.09.1985,28,173,Croatia,74,8
228336,Vasileios TOROSIDIS,Defender,15,10.06.1985,29,185,Greece,65,7
229502,Alvaro PEREIRA,Midfielder,6,28.11.1985,28,182,Uruguay,56,6
359381,Ivan PERISIC,Midfielder,4,02.02.1989,25,187,Croatia,28,3
349574,Michael ARROYO,Midfielder,15,23.04.1987,27,178,Ecuador,19,2
198243,Abel AGUILAR,Midfielder,8,06.01.1985,29,187,Columbia,48,5
290821,Axel WITSEL,Midfielder,6,12.01.1989,25,183,Belgium,48,5
237949,Andranik TIMOTIAN,Midfielder,14,06.03.1983,31,178,Iran,77,8
298582,John BOYE,Defender,21,23.04.1987,27,160,Ghana,29,3
213170,Masoud SHOJAEI,Forward,7,09.06.1984,30,185,Iran,49,5
358011,Mathieu DEBUCHY,Defender,2,28.07.1985,28,178,France,20,2
318150,Charles ARANGUIZ,Midfielder,20,17.04.1989,25,171,Chile,20,2
290605,James TROISI,Midfielder,14,03.07.1988,25,177,Australia,10,1
356669,BERNARD,Forward,20,08.09.1992,21,166,Brazil,10,1
181406,MAICON,Defender,23,26.07.1981,32,186,Brazil,71,7
227839,Marvin CHAVEZ,Midfielder,10,03.11.1983,30,156,Honduras,41,4
304934,Roger ESPINOZA,Midfielder,15,25.10.1986,27,180,Honduras,41,4
239433,Diego LUGANO,Defender,2,02.11.1980,33,188,Uruguay,93,9
300407,Sejad SALIHOVIC,Midfielder,23,08.10.1984,29,182,Bosnia & Herzegovina,42,4
298959,RAMIRES,Midfielder,16,24.03.1987,27,181,Brazil,42,4
230739,Rodrigo PALACIO,Forward,18,05.02.1982,32,175,Argentina,21,2
209989,Philippe SENDEROS,Defender,4,14.02.1985,29,190,Switzerland,53,5
197514,Mile JEDINAK,Midfielder,15,03.08.1984,29,188,Australia,43,4
177855,Xavi HERNANDEZ,Midfielder,8,25.01.1980,34,170,Spain,131,12
300402,Senijad IBRICIC,Midfielder,17,26.09.1985,28,185,Bosnia & Herzegovina,44,4
290800,Dario VIDOSIC,Midfielder,20,08.04.1987,27,185,Australia,22,2
365464,Juan MONTES,Defender,4,26.12.1985,28,196,Honduras,11,1
311554,Haris SEFEROVIC,Forward,9,22.02.1992,22,187,Switzerland,11,1
358692,Julian DRAXLER,Midfielder,14,20.09.1993,20,185,Germany,11,1
184447,Walter AYOVI,Midfielder,10,11.08.1979,34,173,Ecuador,89,8
180936,Yoshito OKUBO,Forward,13,09.06.1982,32,170,Japan,56,5
290825,Moussa DEMBELE,Midfielder,19,16.07.1987,26,185,Belgium,56,5
196900,Sami KHEDIRA,Midfielder,6,04.04.1987,27,189,Germany,45,4
268406,KI Sungyueng,Midfielder,16,24.01.1989,25,186,South Korea,58,5
294620,Andre AYEW,Midfielder,10,17.12.1989,24,175,Ghana,47,4
177768,Yasuhito ENDO,Midfielder,7,28.01.1980,34,178,Japan,143,12
218253,Carlos SALCIDO,Defender,3,02.04.1980,34,176,Mexico,120,10
209502,Jean BEAUSEJOUR,Midfielder,15,01.06.1984,30,178,Chile,60,5
267527,Gary MEDEL,Defender,17,03.08.1987,26,171,Chile,60,5
296297,Mario MARTINEZ,Midfielder,23,30.07.1989,24,173,Honduras,36,3
183882,Hassan YEBDA,Midfielder,7,14.05.1984,30,188,Algeria,24,2
239424,HERNANES,Midfielder,18,29.05.1985,29,180,Brazil,24,2
358114,Dries MERTENS,Midfielder,14,06.05.1987,27,164,Belgium,24,2
318034,Federico FERNANDEZ,Defender,17,21.02.1989,25,190,Argentina,24,2
312432,Dejan LOVREN,Defender,6,05.07.1989,24,188,Croatia,24,2
323698,Vincent ABOUBAKAR,Forward,10,22.01.1992,22,176,Cameroon,24,2
261029,Gokhan INLER,Midfielder,8,27.06.1984,29,181,Switzerland,73,6
214887,Konstantinos KATSOURANIS,Midfielder,21,21.06.1979,35,183,Greece,110,9
190962,DANI ALVES,Defender,2,06.05.1983,31,175,Brazil,74,6
271182,Michael BARRANTES,Midfielder,11,04.10.1983,30,177,Costa Rica,50,4
299960,Phil JAGIELKA,Defender,6,17.08.1982,31,183,England,25,2
200847,Adrian RAMOS,Forward,19,22.01.1986,28,184,Columbia,25,2
281252,Fabian ORELLANA,Forward,14,27.01.1986,28,168,Chile,25,2
196605,Stephan LICHTSTEINER,Defender,2,16.01.1984,30,180,Switzerland,63,5
216814,Sergio RAMOS,Defender,15,30.03.1986,28,183,Spain,115,9
216874,Nicolas LOMBAERTS,Defender,18,20.03.1985,29,188,Belgium,26,2
356162,Esseid BELKALEM,Defender,4,01.01.1989,25,190,Algeria,13,1
168832,Georgios KARAGOUNIS,Midfielder,10,06.03.1977,37,176,Greece,134,10
199600,Jean MAKOUN,Midfielder,11,29.05.1983,31,170,Cameroon,67,5
178403,Joseph YOBO,Defender,2,06.09.1980,33,185,Nigeria,96,7
297377,Ognjen VUKOJEVIC,Midfielder,8,20.12.1983,30,184,Croatia,55,4
278072,Jalal HOSSEINI,Defender,4,03.02.1982,32,185,Iran,83,6
202655,Jorge VALDIVIA,Midfielder,10,19.10.1983,30,173,Chile,56,4
290904,Jan VERTONGHEN,Defender,5,24.04.1987,27,189,Belgium,56,4
197411,Mark MILLIGAN,Midfielder,5,04.08.1985,28,178,Australia,28,2
213124,Amirhossein SADEGHI,Defender,5,06.09.1981,32,185,Iran,14,1
364707,Albert ADOMAH,Midfielder,14,13.12.1987,26,162,Ghana,14,1
303394,Carlos PENA,Midfielder,21,29.03.1990,24,176,Mexico,14,1
306424,Tommy OAR,Midfielder,11,10.12.1991,22,170,Australia,14,1
269784,FABIO COENTRAO,Defender,5,11.03.1988,26,181,Portugal,43,3
234463,John Obi MIKEL,Midfielder,10,22.04.1987,27,188,Nigeria,58,4
358013,Yohan CABAYE,Midfielder,6,14.01.1986,28,175,France,29,2
311150,Mats HUMMELS,Defender,5,16.12.1988,25,192,Germany,29,2
305972,Joao ROJAS,Forward,9,14.06.1989,25,173,Ecuador,29,2
216004,Vincent KOMPANY,Defender,4,10.04.1986,28,190,Belgium,59,4
216973,Gerard PIQUE,Defender,3,02.02.1987,27,192,Spain,60,4
215208,Madjid BOUGUERRA,Defender,2,07.10.1982,31,189,Algeria,61,4
294619,Kwadwo ASAMOAH,Midfielder,20,09.12.1988,25,168,Ghana,61,4
200219,Fredy GUARIN,Midfielder,13,30.06.1986,27,187,Columbia,48,3
3408,Mario YEPES,Defender,3,13.01.1976,38,186,Columbia,97,6
200935,Stephane MBIA,Midfielder,17,20.05.1986,28,190,Cameroon,49,3
230114,Jorge CLAROS,Midfielder,20,08.01.1986,28,176,Honduras,49,3
215274,Giorgio CHIELLINI,Defender,3,14.08.1984,29,192,Italy,67,4
268821,Giancarlo GONZALEZ,Defender,3,08.02.1988,26,192,Costa Rica,34,2
295157,Hashem BEIKZADEH,Midfielder,19,22.01.1984,30,180,Iran,17,1
349588,Felipe GUTIERREZ,Midfielder,16,08.10.1990,23,175,Chile,17,1
330693,Andy NAJAR,Midfielder,17,16.03.1993,21,170,Honduras,17,1
310048,Enoh EYONG,Midfielder,18,23.03.1986,28,180,Cameroon,35,2
268822,Jose CUBERO,Midfielder,22,14.02.1987,27,178,Costa Rica,35,2
178963,Kolo TOURE,Defender,4,19.03.1981,33,183,Ivory Coast,106,6
297373,Vedran CORLUKA,Defender,5,05.02.1986,28,192,Croatia,72,4
321641,Leonardo BONUCCI,Defender,19,01.05.1987,27,190,Italy,36,2
210212,RICARDO COSTA,Defender,13,16.05.1981,33,183,Portugal,18,1
245156,Jose ROJAS,Defender,13,23.06.1983,30,174,Chile,18,1
299086,Lazaros CHRISTODOULOPOULOS,Midfielder,16,19.12.1986,27,182,Greece,18,1
367918,LUIZ GUSTAVO,Midfielder,17,23.07.1987,26,188,Brazil,18,1
233703,Martin DEMICHELIS,Defender,15,20.12.1980,33,184,Argentina,37,2
209827,Wilson PALACIOS,Midfielder,8,29.07.1984,29,181,Honduras,93,5
275931,PEPE,Defender,3,26.02.1983,31,186,Portugal,57,3
228936,Ignazio ABATE,Defender,7,12.11.1986,27,180,Italy,19,1
186787,Sergey IGNASHEVICH,Defender,4,14.07.1979,34,186,Russia,97,5
200262,Landry NGUEMO,Midfielder,7,28.11.1985,28,172,Cameroon,39,2
271253,Maya YOSHIDA,Defender,22,24.08.1988,25,189,Japan,40,2
251481,Pejman MONTAZERI,Defender,15,06.09.1983,30,186,Iran,20,1
233530,Marcelo DIAZ,Midfielder,21,30.12.1986,27,168,Chile,20,1
311148,Benedikt HOEWEDES,Defender,4,29.02.1988,26,187,Germany,20,1
375754,KIM Younggwon,Defender,5,27.02.1990,24,187,South Korea,20,1
315429,Ogenyi ONAZI,Midfielder,17,25.12.1992,21,168,Nigeria,20,1
279417,Cristhian NOBOA,Midfielder,6,09.04.1985,29,181,Ecuador,41,2
267647,Uwa ECHIEJILE,Defender,3,20.01.1988,26,185,Nigeria,41,2
196748,Philipp LAHM,Midfielder,16,11.11.1983,30,170,Germany,105,5
207946,Souleymane BAMBA,Defender,22,13.01.1985,29,190,Ivory Coast,42,2
286259,Alvaro GONZALEZ,Midfielder,20,29.10.1984,29,175,Uruguay,42,2
358022,Jose CHOLEVAS,Defender,20,27.06.1984,29,184,Greece,21,1
313805,Heiner MORA,Defender,8,20.06.1984,29,179,Costa Rica,21,1
233497,Masahiko INOHA,Defender,19,28.08.1985,28,179,Japan,21,1
311174,Fabian JOHNSON,Defender,23,11.12.1987,26,182,USA,21,1
356409,Admir MEHMEDI,Forward,18,16.03.1991,23,183,Switzerland,21,1
183893,Jermaine JONES,Midfielder,13,03.11.1981,32,184,USA,43,2
298664,Claudio MARCHISIO,Midfielder,8,19.01.1986,28,179,Italy,43,2
290824,Steven DEFOUR,Midfielder,16,15.04.1988,26,173,Belgium,43,2
229439,Gonzalo JARA,Defender,18,29.08.1985,28,177,Chile,65,3
175689,THIAGO MOTTA,Midfielder,5,28.08.1982,31,187,Italy,22,1
300237,Dmitry KOMBAROV,Defender,23,22.01.1987,27,182,Russia,22,1
358014,Blaise MATUIDI,Midfielder,14,09.04.1987,27,175,France,22,1
299896,Domagoj VIDA,Defender,21,29.04.1989,25,184,Croatia,22,1
289964,THIAGO SILVA,Defender,3,22.09.1984,29,182,Brazil,45,2
291372,Yuto NAGATOMO,Defender,5,12.09.1986,27,170,Japan,69,3
228617,Mauricio ISLA,Defender,4,12.06.1988,26,177,Chile,46,2
216715,Ron VLAAR,Defender,2,16.02.1985,29,190,Netherlands,23,1
305768,Leighton BAINES,Defender,3,11.12.1984,29,172,England,23,1
229440,Jose FUENZALIDA,Midfielder,19,22.02.1985,29,170,Chile,23,1
339551,Brayan BECKELES,Defender,21,28.11.1985,28,186,Honduras,23,1
200201,MIGUEL VELOSO,Midfielder,4,11.05.1986,28,181,Portugal,47,2
216650,Gelson FERNANDES,Midfielder,16,02.09.1986,27,179,Switzerland,47,2
216627,Valon BEHRAMI,Midfielder,11,19.04.1985,29,184,Switzerland,48,2
312679,HONG Jeongho,Defender,20,12.08.1989,24,188,South Korea,24,1
207888,Per MERTESACKER,Defender,17,29.09.1984,29,198,Germany,97,4
216069,Emir SPAHIC,Defender,4,18.08.1980,33,183,Bosnia & Herzegovina,74,3
239237,Carl MEDJANI,Defender,12,15.05.1985,29,180,Algeria,25,1
216006,Anthony VANDEN BORRE,Defender,21,24.10.1987,26,185,Belgium,25,1
307026,Cristian GAMBOA,Defender,16,24.10.1989,24,175,Costa Rica,25,1
347716,Hiroshi KIYOTAKE,Forward,8,12.11.1989,24,172,Japan,25,1
306634,Jonathan MENSAH,Defender,19,13.07.1990,23,182,Ghana,25,1
213878,Victor BERNARDEZ,Defender,5,24.05.1982,32,187,Honduras,76,3
229499,Diego GODIN,Defender,3,16.02.1986,28,185,Uruguay,76,3
186793,Vasily BEREZUTSKIY,Defender,14,20.06.1982,32,188,Russia,77,3
339447,Johnny ACOSTA,Defender,2,21.07.1983,30,175,Costa Rica,26,1
321971,Geoff CAMERON,Defender,20,11.07.1985,28,190,USA,26,1
296273,Alejandro BEDOYA,Midfielder,11,29.04.1987,27,178,USA,26,1
183796,Christian BOLANOS,Midfielder,7,17.05.1984,30,178,Costa Rica,54,2
296827,Rafik HALLICHE,Defender,5,02.09.1986,27,187,Algeria,28,1
181930,Jorge GUAGUA,Defender,2,28.09.1981,32,179,Ecuador,58,2
288961,Ehsan HAJI SAFI,Midfielder,3,25.02.1990,24,177,Iran,58,2
181698,Aldo RAMIREZ,Midfielder,5,18.04.1981,33,175,Columbia,29,1
278732,Aurelien CHEDJOU,Defender,14,20.06.1985,28,185,Cameroon,29,1
286481,Maximiliano PEREIRA,Defender,16,08.06.1984,30,173,Uruguay,89,3
356711,Azubuike EGWUEKWE,Defender,6,16.07.1989,24,195,Nigeria,31,1
200199,JOAO MOUTINHO,Midfielder,8,08.09.1986,27,170,Portugal,66,2
358099,Senad LULIC,Midfielder,16,18.01.1986,28,183,Bosnia & Herzegovina,33,1
213879,Maynor FIGUEROA,Defender,3,02.05.1983,31,184,Honduras,100,3
268474,Atsuto UCHIDA,Defender,2,27.03.1988,26,176,Japan,67,2
216646,Blerim DZEMAILI,Midfielder,15,12.04.1986,28,179,Switzerland,34,1
290864,Toby ALDERWEIRELD,Defender,2,02.03.1989,25,186,Belgium,34,1
356459,Godfrey OBOABONA,Defender,14,16.09.1990,23,183,Nigeria,34,1
216642,Reto ZIEGLER,Defender,3,16.01.1986,28,183,Switzerland,35,1
296303,Juan Carlos GARCIA,Defender,6,08.03.1988,26,175,Honduras,35,1
175512,Kyle BECKERMAN,Midfielder,15,23.04.1982,32,181,USA,36,1
349578,Frickson ERAZO,Defender,3,05.05.1988,26,189,Ecuador,36,1
273291,Efe AMBROSE,Defender,5,18.10.1988,25,190,Nigeria,36,1
289027,Makoto HASEBE,Midfielder,17,18.01.1984,30,180,Japan,78,2
291329,Ismael TIOTE,Midfielder,9,21.06.1986,27,175,Ivory Coast,42,1
216645,Johan DJOUROU,Defender,20,18.01.1987,27,192,Switzerland,44,1
229436,Carlos CARMONA,Midfielder,6,21.02.1987,27,179,Chile,44,1
185359,Diego PEREZ,Midfielder,15,18.05.1980,34,176,Uruguay,89,2
237071,Boniek GARCIA,Midfielder,14,04.09.1984,29,176,Honduras,90,2
197409,Matt McKAY,Midfielder,17,11.01.1983,31,174,Australia,46,1
207924,James MILNER,Midfielder,17,04.01.1986,28,175,England,46,1
238381,Samuel INKOOM,Defender,2,01.06.1989,25,179,Ghana,46,1
183798,Roy MILLER,Defender,19,24.11.1984,29,189,Costa Rica,47,1
182372,Javier MASCHERANO,Midfielder,14,08.06.1984,30,171,Argentina,96,2
216880,Thomas VERMAELEN,Defender,3,14.11.1985,28,178,Belgium,48,1
228351,Alexandros TZIOLIS,Midfielder,6,13.02.1985,29,190,Greece,49,1
229443,Juan ZUNIGA,Defender,18,14.12.1985,28,171,Columbia,49,1
197464,Glen JOHNSON,Defender,2,23.08.1984,29,180,England,51,1
200213,Pablo ARMERO,Defender,7,02.11.1986,27,174,Columbia,52,1
238112,Hector MORENO,Defender,15,17.01.1988,26,182,Mexico,52,1
267829,Martin CACERES,Defender,22,07.04.1987,27,178,Uruguay,56,1
209940,Junior DIAZ,Defender,15,12.09.1983,30,185,Costa Rica,61,1
276131,Walter GARGANO,Midfielder,5,23.07.1984,29,168,Uruguay,62,1
230117,Emilio IZAGUIRRE,Midfielder,7,10.05.1986,28,177,Honduras,65,1
216964,Nigel DE JONG,Midfielder,6,30.11.1984,29,174,Netherlands,70,1
198489,Arthur BOKA,Defender,3,02.04.1983,31,166,Ivory Coast,77,1
184373,Yasuyuki KONNO,Defender,15,25.01.1983,31,178,Japan,80,1
208120,Michael UMANA,Defender,4,16.07.1982,31,180,Costa Rica,81,1
209960,Francisco RODRIGUEZ,Defender,2,20.10.1981,32,191,Mexico,92,1
176971,Didier ZOKORA,Defender,5,14.12.1980,33,183,Ivory Coast,119,1
94918,Faryd MONDRAGON,Goalkeeper,22,21.06.1971,43,191,Columbia,50,0
178185,Noel VALLADARES,Goalkeeper,18,03.05.1977,37,178,Honduras,120,0
159304,Gianluigi BUFFON,Goalkeeper,1,28.01.1978,36,190,Italy,139,0
179048,Stipe PLETIKOSA,Goalkeeper,1,08.01.1979,35,193,Croatia,110,0
178420,Tim HOWARD,Goalkeeper,1,06.03.1979,35,187,USA,98,0
182021,Mickael LANDREAU,Goalkeeper,23,14.05.1979,35,184,France,11,0
184982,Nick RIMANDO,Goalkeeper,22,17.06.1979,35,182,USA,14,0
178958,Boubacar BARRY,Goalkeeper,1,30.12.1979,34,180,Ivory Coast,76,0
179038,JULIO CESAR,Goalkeeper,12,03.09.1979,34,179,Brazil,79,0
367333,Sergey RYZHIKOV,Goalkeeper,16,19.09.1980,33,192,Russia,1,0
358097,Asmir AVDUKIC,Goalkeeper,22,13.05.1981,33,190,Bosnia & Herzegovina,3,0
195223,Roman WEIDENFELLER,Goalkeeper,22,06.08.1980,33,188,Germany,2,0
209168,Eugene GALEKOVIC,Goalkeeper,18,12.06.1981,33,186,Australia,8,0
214377,Andrea BARZAGLI,Defender,15,08.05.1981,33,186,Italy,47,0
176644,Iker CASILLAS,Goalkeeper,1,20.05.1981,33,185,Spain,153,0
215484,Loukas VYNTRA,Defender,11,05.02.1981,33,184,Greece,49,0
178630,Johnny HERRERA,Goalkeeper,23,09.05.1981,33,183,Chile,7,0
298516,Rahman AHMADI,Goalkeeper,1,30.07.1980,33,182,Iran,11,0
356612,Hugo CAMPAGNARO,Defender,3,27.06.1980,33,181,Argentina,13,0
213871,Donis ESCOBER,Goalkeeper,22,03.02.1981,33,180,Honduras,20,0
195231,Jose CORONA,Goalkeeper,1,26.01.1981,33,178,Mexico,32,0
212246,Patrice EVRA,Defender,3,15.05.1981,33,171,France,57,0
215471,Vangelis MORAS,Defender,5,26.08.1981,32,193,Greece,18,0
274703,Agustin ORION,Goalkeeper,12,26.07.1981,32,190,Argentina,3,0
214404,BETO,Goalkeeper,22,01.05.1982,32,183,Portugal,7,0
181951,Brad DAVIS,Midfielder,14,08.11.1981,32,180,USA,16,0
214874,Patrick PEMBERTON,Goalkeeper,18,24.04.1982,32,178,Costa Rica,20,0
207809,MAXWELL,Defender,14,27.08.1981,32,177,Brazil,8,0
210702,Danijel PRANJIC,Defender,3,02.12.1981,32,172,Croatia,49,0
286238,Egidio AREVALO,Midfielder,17,01.01.1982,32,168,Uruguay,54,0
309426,VICTOR,Goalkeeper,22,21.01.1983,31,195,Brazil,6,0
253999,Ben FOSTER,Goalkeeper,13,03.04.1983,31,193,England,6,0
184320,JEFFERSON,Goalkeeper,1,02.01.1983,31,190,Brazil,9,0
175546,Alfredo TALAVERA,Goalkeeper,12,18.09.1982,31,188,Mexico,14,0
175413,Pepe REINA,Goalkeeper,23,31.08.1982,31,187,Spain,32,0
299066,EDUARDO,Goalkeeper,1,19.09.1982,31,187,Portugal,33,0
175629,Martin SILVA,Goalkeeper,23,25.03.1983,31,187,Uruguay,4,0
216990,Charles ITANDJE,Goalkeeper,16,02.11.1982,31,185,Cameroon,9,0
202650,Claudio BRAVO,Goalkeeper,1,13.04.1983,31,185,Chile,79,0
198117,Eiji KAWASHIMA,Goalkeeper,1,20.03.1983,31,185,Japan,56,0
189300,Vincent ENYEAMA,Goalkeeper,1,29.08.1982,31,185,Nigeria,90,0
196620,Steve VON BERGEN,Defender,5,10.06.1983,31,183,Switzerland,41,0
254141,Bacary SAGNA,Defender,15,14.02.1983,31,175,France,40,0
275793,Oscar BAGUI,Defender,18,10.12.1982,31,170,Ecuador,21,0
196633,Diego BENAGLIO,Goalkeeper,1,08.09.1983,30,195,Switzerland,57,0
306144,Mariano ANDUJAR,Goalkeeper,21,30.07.1983,30,194,Argentina,10,0
349832,Jose Maria BASANTA,Defender,23,03.04.1984,30,188,Argentina,8,0
184856,Austine EJIDE,Goalkeeper,16,08.04.1984,30,186,Nigeria,31,0
299904,Mensur MUJDZA,Midfielder,13,28.03.1984,30,184,Bosnia & Herzegovina,24,0
254089,Michel VORM,Goalkeeper,22,20.10.1983,30,183,Netherlands,14,0
354873,Mehdi MOSTEFA,Midfielder,22,30.08.1983,30,182,Algeria,22,0
216432,Yury ZHIRKOV,Forward,18,20.08.1983,30,180,Russia,60,0
306180,Benoit ASSOU EKOTTO,Defender,2,24.03.1984,30,178,Cameroon,21,0
329737,Ghasem HADADIFAR,Midfielder,11,12.07.1983,30,178,Iran,16,0
254091,Paul VERHAEGH,Defender,12,01.09.1983,30,178,Netherlands,2,0
358893,Andrey ESHCHENKO,Defender,22,09.02.1984,30,177,Russia,11,0
216438,Igor DENISOV,Midfielder,7,17.05.1984,30,176,Russia,43,0
317072,Henri BEDIMO,Defender,12,04.06.1984,30,176,Cameroon,30,0
321682,Medhi LACEN,Midfielder,8,15.03.1984,30,175,Algeria,29,0
202280,Luis SARITAMA,Midfielder,19,20.10.1983,30,175,Ecuador,48,0
306206,Khosro HEYDARI,Forward,2,14.09.1983,30,175,Iran,47,0
214571,Rio MAVUBA,Midfielder,12,08.03.1984,30,172,France,11,0
214407,JOAO PEREIRA,Defender,21,25.02.1984,30,172,Portugal,35,0
276139,Brad GUZAN,Goalkeeper,12,09.09.1984,29,193,USA,25,0
357990,Gordon SCHILDENFELD,Defender,13,18.03.1985,29,191,Croatia,21,0
299887,Danijel SUBASIC,Goalkeeper,23,27.10.1984,29,191,Croatia,6,0
198546,JUNG Sungryong,Goalkeeper,1,04.01.1985,29,190,South Korea,60,0
297230,Osman CHAVEZ,Defender,2,29.07.1984,29,187,Honduras,54,0
182479,Chigozie AGBIM,Goalkeeper,21,28.11.1984,29,187,Nigeria,14,0
305708,Mohamed ZEMMAMOUCHE,Goalkeeper,16,19.03.1985,29,187,Algeria,7,0
378836,Marco PAROLO,Midfielder,18,25.01.1985,29,186,Italy,3,0
182620,Alex WILKINSON,Defender,22,13.08.1984,29,183,Australia,2,0
229450,Gabriel ACHILIER,Defender,21,24.03.1985,29,183,Ecuador,22,0
356166,Cedric SI MOHAMMED,Goalkeeper,1,09.01.1985,29,182,Algeria,1,0
298676,HA Daesung,Midfielder,8,02.03.1985,29,182,South Korea,13,0
299064,RUBEN AMORIM,Midfielder,20,27.01.1985,29,180,Portugal,11,0
376071,Fatawu DAUDA,Goalkeeper,16,06.04.1985,29,180,Ghana,17,0
323339,Djamel MESBAH,Defender,6,09.10.1984,29,179,Algeria,26,0
367555,Die SEREY,Midfielder,20,07.11.1984,29,179,Ivory Coast,6,0
276132,Jorge FUCILE,Defender,4,19.11.1984,29,177,Uruguay,41,0
182379,Pablo ZABALETA,Defender,4,16.01.1985,29,174,Argentina,36,0
228912,Manuel NEUER,Goalkeeper,1,27.03.1986,28,193,Germany,45,0
229498,Fernando MUSLERA,Goalkeeper,1,16.06.1986,28,190,Uruguay,57,0
228328,Orestis KARNEZIS,Goalkeeper,1,11.07.1985,28,189,Greece,18,0
302630,Maximo BANGUERA,Goalkeeper,1,16.12.1985,28,187,Ecuador,24,0
233333,Gabriel PALETTA,Defender,20,15.02.1986,28,187,Italy,2,0
216820,Raul ALBIOL,Defender,2,04.09.1985,28,187,Spain,46,0
323326,Rais MBOLHI,Goalkeeper,23,25.04.1986,28,186,Algeria,27,0
215017,Igor AKINFEEV,Goalkeeper,1,08.04.1986,28,185,Russia,68,0
358012,Laurent KOSCIELNY,Defender,21,10.09.1985,28,185,France,17,0
215285,Guillermo OCHOA,Goalkeeper,13,13.07.1985,28,185,Mexico,56,0
214581,Shusaku NISHIKAWA,Goalkeeper,12,18.06.1986,28,183,Japan,12,0
301165,Oscar GRANADOS,Midfielder,13,25.10.1985,28,183,Costa Rica,11,0
200259,Dany NOUNKEU,Defender,5,11.04.1986,28,183,Cameroon,15,0
280487,Carlos SANCHEZ,Midfielder,6,06.02.1986,28,182,Columbia,43,0
359997,Avdija VRSAJEVIC,Midfielder,2,06.03.1986,28,182,Bosnia & Herzegovina,13,0
199160,Daniel CAMBRONERO,Goalkeeper,23,08.01.1986,28,181,Costa Rica,2,0
290822,Laurent CIMAN,Defender,23,05.08.1985,28,180,Belgium,8,0
278126,KIM Changsoo,Defender,2,12.09.1985,28,179,South Korea,8,0
349582,Francisco SILVA,Midfielder,5,11.02.1986,28,178,Chile,11,0
201001,Fernando GAGO,Midfielder,5,10.04.1986,28,178,Argentina,47,0
200133,Lucas BIGLIA,Midfielder,6,30.01.1986,28,175,Argentina,17,0
268911,Toshihiro AOYAMA,Midfielder,14,22.02.1986,28,174,Japan,5,0
200205,VIEIRINHA,Forward,10,24.01.1986,28,170,Portugal,7,0
303419,Alexander DOMINGUEZ,Goalkeeper,22,05.06.1987,27,196,Ecuador,18,0
266783,Sergio ROMERO,Goalkeeper,1,22.02.1987,27,192,Argentina,45,0
299956,Joe HART,Goalkeeper,1,19.04.1987,27,191,England,40,0
360111,Panagiotis GLYKOS,Goalkeeper,12,10.10.1986,27,190,Greece,2,0
298655,Salvatore SIRIGU,Goalkeeper,12,12.01.1987,27,190,Italy,8,0
271043,DAVID LUIZ,Defender,4,22.04.1987,27,189,Brazil,35,0
359448,Stephane RUFFIER,Goalkeeper,16,27.09.1986,27,188,France,2,0
297105,Hugo LLORIS,Goalkeeper,1,26.12.1986,27,188,France,56,0
200209,Cristian ZAPATA,Defender,2,30.09.1986,27,187,Columbia,23,0
200130,Ezequiel GARAY,Defender,2,10.10.1986,27,186,Argentina,18,0
291332,Ousmane DIARRASSOUBA,Defender,2,21.12.1986,27,186,Ivory Coast,1,0
298613,HENRIQUE,Defender,15,14.10.1986,27,186,Brazil,5,0
369983,Aleksei KOZLOV,Defender,2,25.12.1986,27,185,Russia,10,0
358046,Vladimir GRANAT,Defender,13,22.05.1987,27,184,Russia,4,0
199175,Keylor NAVAS,Goalkeeper,1,15.12.1986,27,184,Costa Rica,52,0
367433,Matt BESLER,Defender,5,11.02.1987,27,182,USA,16,0
329745,Hossein MAHINI,Defender,13,16.09.1986,27,182,Iran,21,0
363578,LEE Yong,Defender,12,24.12.1986,27,180,South Korea,11,0
267344,Mehrdad POOLADI,Defender,23,26.02.1987,27,180,Iran,19,0
298662,Antonio CANDREVA,Midfielder,6,28.02.1987,27,180,Italy,19,0
296312,Edder DELGADO,Midfielder,12,20.11.1986,27,179,Honduras,26,0
321731,Ioannis MANIATIS,Midfielder,2,12.10.1986,27,178,Greece,29,0
359375,SAMMIR,Midfielder,19,23.04.1987,27,178,Croatia,5,0
379889,Steven BEITASHOUR,Defender,20,01.02.1987,27,178,Iran,6,0
240718,Constant DJAKPA,Defender,18,17.10.1986,27,177,Ivory Coast,4,0
268411,PARK Jooho,Defender,22,16.01.1987,27,174,South Korea,13,0
294626,Harrison AFFUL,Defender,23,24.07.1986,27,168,Ghana,40,0
362881,Fraser FORSTER,Goalkeeper,22,17.03.1988,26,201,England,1,0
230121,Asmir BEGOVIC,Goalkeeper,1,20.06.1987,26,198,Bosnia & Herzegovina,30,0
346763,Alireza HAGHIGHI,Goalkeeper,12,02.05.1988,26,193,Iran,4,0
298738,Simon MIGNOLET,Goalkeeper,12,06.03.1988,26,193,Belgium,14,0
379888,Daniel DAVARI,Goalkeeper,22,06.01.1988,26,193,Iran,4,0
232760,Tim KRUL,Goalkeeper,23,03.04.1988,26,193,Netherlands,5,0
353237,Adam KWARASEY,Goalkeeper,12,12.12.1987,26,190,Ghana,21,0
359436,EDER,Forward,11,22.12.1987,26,190,Portugal,7,0
269768,RUI PATRICIO,Goalkeeper,12,15.02.1988,26,189,Portugal,29,0
349631,Ricardo ALVAREZ,Midfielder,19,12.04.1988,26,188,Argentina,5,0
354883,Liassine CADAMURO,Defender,17,05.03.1988,26,187,Algeria,6,0
299090,Sokratis PAPASTATHOPOULOS,Defender,19,09.06.1988,26,186,Greece,47,0
359428,LUIS NETO,Defender,14,26.05.1988,26,186,Portugal,7,0
360109,Panagiotis KONE,Midfielder,8,26.07.1987,26,184,Greece,15,0
319298,Georgios TZAVELAS,Defender,3,26.11.1987,26,183,Greece,13,0
200261,Alexandre SONG,Midfielder,6,09.09.1987,26,183,Cameroon,46,0
228624,Cristopher TOSELLI,Goalkeeper,12,15.06.1988,26,181,Chile,4,0
370062,Ivan FRANJIC,Defender,2,10.09.1987,26,180,Australia,8,0
349576,Juan PAREDES,Defender,4,08.07.1987,26,179,Ecuador,37,0
361222,Adam LALLANA,Midfielder,20,10.05.1988,26,179,England,4,0
228942,Alessio CERCI,Forward,11,23.07.1987,26,177,Italy,11,0
298677,Jonathan DE GUZMAN,Midfielder,8,13.09.1987,26,174,Netherlands,10,0
355023,Allan NYOM,Defender,22,10.05.1988,26,170,Cameroon,9,0
379264,Jose VAZQUEZ,Midfielder,23,14.03.1988,26,164,Mexico,4,0
234405,Omar GONZALEZ,Defender,3,11.10.1988,25,195,USA,19,0
299442,Jerome BOATENG,Defender,20,03.09.1988,25,192,Germany,38,0
359993,Toni SUNJIC,Defender,15,15.12.1988,25,192,Bosnia & Herzegovina,7,0
379985,Andrey SEMENOV,Defender,5,24.03.1989,25,191,Russia,1,0
356933,Mitch LANGERAK,Goalkeeper,12,22.08.1988,25,191,Australia,3,0
353379,Reza HAGHIGHI,Midfielder,8,01.02.1989,25,190,Iran,7,0
362649,Andreas SAMARIS,Midfielder,22,13.06.1989,25,190,Greece,4,0
270714,Javi MARTINEZ,Midfielder,4,02.09.1988,25,190,Spain,16,0
367558,Sylvain GBOHOUO,Goalkeeper,16,29.10.1988,25,190,Ivory Coast,2,0
303034,Sergio BUSQUETS,Midfielder,16,16.07.1988,25,189,Spain,65,0
229051,Matthew SPIRANOVIC,Defender,6,27.06.1988,25,188,Australia,17,0
349568,Adrian BONE,Goalkeeper,12,08.09.1988,25,188,Ecuador,3,0
367920,Diego COSTA,Forward,19,07.10.1988,25,188,Spain,3,0
321734,Shuichi GONDA,Goalkeeper,23,03.03.1989,25,187,Japan,2,0
302381,Ron-Robert ZIELER,Goalkeeper,12,12.02.1989,25,187,Germany,3,0
358738,Jasper CILLESSEN,Goalkeeper,1,22.04.1989,25,187,Netherlands,7,0
358694,Kevin GROSSKREUTZ,Defender,2,19.07.1988,25,186,Germany,4,0
312987,Oscar DUARTE,Defender,6,03.06.1989,25,184,Costa Rica,10,0
228686,David OSPINA,Goalkeeper,1,31.08.1988,25,183,Columbia,43,0
319460,Yann SOMMER,Goalkeeper,12,17.12.1988,25,183,Switzerland,6,0
295149,James HOLLAND,Midfielder,16,15.05.1989,25,180,Australia,13,0
291398,PARK Jongwoo,Midfielder,15,10.03.1989,25,180,South Korea,10,0
332293,Giovanni SIO,Forward,21,31.03.1989,25,180,Ivory Coast,7,0
228691,Alexander MEJIA,Midfielder,15,11.07.1988,25,179,Columbia,8,0
358881,Alexey IONOV,Forward,21,18.02.1989,25,178,Russia,5,0
350129,Miguel PONCE,Defender,16,12.04.1989,25,175,Mexico,7,0
312234,Oliver BOZANIC,Midfielder,13,08.01.1989,25,167,Australia,3,0
356748,Chris SMALLING,Defender,12,22.11.1989,24,194,England,11,0
318688,Marcos ROJO,Defender,16,20.03.1990,24,189,Argentina,20,0
311850,Mohammed RABIU,Midfielder,17,31.12.1989,24,189,Ghana,16,0
319436,Leroy FER,Midfielder,18,05.01.1990,24,188,Netherlands,5,0
317056,Moussa SISSOKO,Midfielder,18,16.08.1989,24,187,France,16,0
356189,Jordan HENDERSON,Midfielder,14,17.06.1990,24,187,England,9,0
319428,Daryl JANMAAT,Defender,7,22.07.1989,24,186,Netherlands,15,0
367343,Yury LODYGIN,Goalkeeper,12,26.05.1990,24,186,Russia,2,0
359995,Ognjen VRANJES,Defender,6,24.10.1989,24,186,Bosnia & Herzegovina,13,0
365556,Timmy CHANDLER,Defender,21,29.03.1990,24,186,USA,12,0
306410,Ryan McGOWAN,Defender,19,15.08.1989,24,185,Australia,9,0
290931,Nicolas NKOULOU,Defender,3,27.03.1990,24,185,Cameroon,47,0
350003,Hiroki SAKAI,Defender,21,12.04.1990,24,185,Japan,17,0
306780,Ciro IMMOBILE,Forward,17,20.02.1990,24,184,Italy,2,0
374529,Anel HADZIC,Midfielder,21,16.08.1989,24,184,Bosnia & Herzegovina,2,0
274329,HAN Kookyoung,Midfielder,14,19.04.1990,24,183,South Korea,9,0
274283,YUN Sukyoung,Defender,3,13.02.1990,24,182,South Korea,3,0
356518,HWANG Seokho,Defender,6,27.06.1989,24,182,South Korea,3,0
288824,Matteo DARMIAN,Defender,4,02.12.1989,24,182,Italy,1,0
329092,Hector HERRERA,Midfielder,6,19.04.1990,24,180,Mexico,12,0
319432,Daley BLIND,Defender,5,09.03.1990,24,180,Netherlands,11,0
370438,Sammy NDJOCK,Goalkeeper,23,25.02.1990,24,178,Cameroon,2,0
270948,Cesar AZPILICUETA,Midfielder,22,28.08.1989,24,178,Spain,6,0
323574,Stephen ADAMS,Goalkeeper,1,28.09.1989,24,177,Ghana,6,0
365747,Edin VISCA,Forward,19,17.02.1990,24,172,Bosnia & Herzegovina,10,0
366309,Yacine BRAHIMI,Midfielder,11,08.02.1990,24,171,Algeria,5,0
350124,Javier AQUINO,Midfielder,20,11.02.1990,24,166,Mexico,21,0
305382,Sebastian COATES,Defender,19,07.10.1990,23,196,Uruguay,14,0
319413,Panagiotis TACHTSIDIS,Midfielder,23,15.02.1991,23,194,Greece,5,0
380069,Christoph KRAMER,Midfielder,23,19.02.1991,23,189,Germany,2,0
319340,Eliaquim MANGALA,Defender,13,13.02.1991,23,188,France,3,0
274281,KIM Seunggyu,Goalkeeper,21,30.09.1990,23,187,South Korea,5,0
368009,Ebenezer ODUNLAMI,Defender,12,30.04.1991,23,187,Nigeria,11,0
336434,Clement GRENIER,Midfielder,22,07.01.1991,23,186,France,5,0
323556,Konstantinos MANOLAS,Defender,4,14.06.1991,23,186,Greece,8,0
370523,Mathis BOLLY,Midfielder,6,14.11.1990,23,185,Ivory Coast,3,0
375453,ANDRE ALMEIDA,Defender,19,10.09.1990,23,185,Portugal,3,0
356710,Ruben GABRIEL,Midfielder,4,25.09.1990,23,184,Nigeria,10,0
364088,Faouzi GHOULAM,Defender,3,01.02.1991,23,184,Algeria,5,0
356712,Juwon OSHANIWA,Defender,13,14.09.1990,23,184,Nigeria,9,0
312116,Gaston RAMIREZ,Midfielder,18,02.12.1990,23,183,Uruguay,28,0
358869,Georgy SHCHENNIKOV,Defender,3,27.04.1991,23,179,Russia,3,0
379942,Riyad MAHREZ,Forward,21,21.02.1991,23,179,Algeria,1,0
321736,Gotoku SAKAI,Defender,3,14.03.1991,23,176,Japan,12,0
379974,Waylon FRANCIS,Defender,12,20.09.1990,23,175,Costa Rica,1,0
356466,Hotaru YAMAGUCHI,Midfielder,16,06.10.1990,23,173,Japan,11,0
371042,Isaac BRIZUELA,Midfielder,17,28.08.1990,23,173,Mexico,7,0
269071,Daniel OPARE,Defender,4,18.10.1990,23,172,Ghana,16,0
336869,Alex IBARRA,Midfielder,5,20.01.1991,23,171,Ecuador,17,0
270400,Luis GARRIDO,Midfielder,19,05.11.1990,23,170,Honduras,19,0
358106,Thibaut COURTOIS,Goalkeeper,1,11.05.1992,22,198,Belgium,16,0
320375,Joel MATIP,Midfielder,21,08.08.1991,22,194,Cameroon,22,0
313021,Stefan DE VRIJ,Defender,3,05.02.1992,22,190,Netherlands,11,0
379808,Tino Sven SUSIC,Midfielder,14,13.02.1992,22,186,Bosnia & Herzegovina,2,0
376349,WILLIAM,Midfielder,6,07.04.1992,22,185,Portugal,3,0
358009,Phil JONES,Defender,16,21.02.1992,22,185,England,9,0
376285,Aissa MANDI,Defender,20,22.10.1991,22,184,Algeria,2,0
358885,Maksim KANUNNIKOV,Forward,6,14.07.1991,22,184,Russia,2,0
336485,Sime VRSALJKO,Defender,2,10.01.1992,22,183,Croatia,6,0
379952,Erik DURM,Defender,15,12.05.1992,22,183,Germany,1,0
313051,Joel VELTMAN,Defender,13,15.01.1992,22,183,Netherlands,2,0
339117,Maty RYAN,Goalkeeper,1,08.04.1992,22,181,Australia,6,0
379164,Ben HALLORAN,Forward,10,14.06.1992,22,180,Australia,1,0
306364,Jason DAVIDSON,Defender,3,29.06.1991,22,179,Australia,6,0
346731,Bakhtiar RAHMANI,Midfielder,18,23.09.1991,22,179,Iran,3,0
307541,Yeltsin TEJEDA,Midfielder,17,17.03.1992,22,179,Costa Rica,22,0
355859,Loic FEUDJOU,Goalkeeper,1,14.04.1992,22,178,Cameroon,1,0
313410,KOKE,Midfielder,17,08.01.1992,22,178,Spain,7,0
330565,Jack WILSHERE,Midfielder,7,01.01.1992,22,172,England,16,0
315614,Santiago ARIAS,Defender,4,13.01.1992,22,171,Columbia,5,0
358732,Jordy CLASIE,Midfielder,16,27.06.1991,22,169,Netherlands,8,0
380004,Sayouba MANDE,Goalkeeper,23,15.06.1993,21,193,Ivory Coast,1,0
373555,John BROOKS,Defender,6,28.01.1993,21,193,USA,4,0
359440,Raphael VARANE,Defender,4,25.04.1993,21,191,France,5,0
308082,Diego REYES,Defender,5,19.09.1992,21,189,Mexico,14,0
369546,Eder BALANTA,Defender,16,28.02.1993,21,181,Columbia,2,0
313559,Ricardo RODRIGUEZ,Defender,13,25.08.1992,21,180,Switzerland,21,0
376360,Ismael DIOMANDE,Midfielder,14,28.08.1992,21,180,Ivory Coast,1,0
367557,Jean Daniel AKPA,Defender,7,11.10.1992,21,180,Ivory Coast,1,0
359223,Mattia DE SCIGLIO,Defender,2,20.10.1992,21,179,Italy,10,0
358101,Muhamed BESIC,Midfielder,7,10.09.1992,21,177,Bosnia & Herzegovina,9,0
370522,Serge AURIER,Defender,17,24.12.1992,21,176,Ivory Coast,7,0
339116,Massimo LUONGO,Midfielder,21,25.09.1992,21,176,Australia,1,0
380060,Cedric DJEUGOUE,Defender,4,28.08.1992,21,175,Cameroon,3,0
368708,RAFA,Forward,15,17.05.1993,21,173,Portugal,2,0
315436,Ramon AZEEZ,Midfielder,15,12.12.1992,21,170,Nigeria,1,0
356704,Juan QUINTERO,Midfielder,20,18.01.1993,21,168,Columbia,4,0
312014,Michael BABATUNDE,Forward,18,24.12.1992,21,165,Nigeria,4,0
336791,Edgar SALLI,Midfielder,20,17.08.1992,21,163,Cameroon,8,0
370469,Rashid SUMAILA,Defender,15,18.12.1992,21,160,Ghana,8,0
362645,Stefanos KAPINO,Goalkeeper,13,18.03.1994,20,196,Greece,2,0
379736,Matthias GINTER,Defender,3,19.01.1994,20,187,Germany,2,0
369392,Ross BARKLEY,Midfielder,21,05.12.1993,20,185,England,4,0
315424,Kenneth OMERUO,Defender,22,17.10.1993,20,185,Nigeria,17,0
376230,Sead KOLASINAC,Defender,5,20.06.1993,20,183,Bosnia & Herzegovina,4,0
336085,Terence KONGOLO,Defender,14,14.02.1994,20,183,Netherlands,1,0
339987,Mateo KOVACIC,Midfielder,20,06.05.1994,20,181,Croatia,9,0
368860,Lucas DIGNE,Defender,17,20.07.1993,20,179,France,2,0
336098,Memphis DEPAY,Forward,21,13.02.1994,20,178,Netherlands,6,0
368973,DeAndre YEDLIN,Defender,2,09.07.1993,20,175,USA,4,0
379939,Nabil BENTALEB,Midfielder,14,24.11.1994,19,189,Algeria,2,0
379911,Divock ORIGI,Forward,17,18.04.1995,19,185,Belgium,1,0
368655,Jose GIMENEZ,Defender,13,20.01.1995,19,184,Uruguay,5,0
369094,Julian GREEN,Midfielder,16,06.06.1995,19,172,USA,2,0
332827,Carlos GRUEZO,Midfielder,23,19.04.1995,19,171,Ecuador,2,0
336043,Raheem STERLING,Midfielder,19,08.12.1994,19,170,England,3,0
336450,Luke SHAW,Defender,23,12.07.1995,18,184,England,1,0
319482,Rodrigo MUNOZ,Goalkeeper,12,22.01.1982,32,185,Uruguay,0,0
367415,Jasmin FEJZIC,Goalkeeper,12,15.05.1986,28,198,Bosnia & Herzegovina,0,0
380663,Sammy BOSSUT,Goalkeeper,13,11.08.1985,28,187,Belgium,0,0
306818,LEE Bumyoung,Goalkeeper,23,02.04.1989,25,199,South Korea,0,0
360642,Camilo VARGAS,Goalkeeper,12,09.03.1989,25,185,Columbia,0,0
269859,David DE GEA,Goalkeeper,12,07.11.1990,23,190,Spain,0,0
356676,Roman BUERKI,Goalkeeper,21,14.11.1990,23,188,Switzerland,0,0
369026,Oliver ZELENIKA,Goalkeeper,12,14.05.1993,21,192,Croatia,0,0
309420,Mattia PERIN,Goalkeeper,13,10.11.1992,21,188,Italy,0,0
379165,Bailey WRIGHT,Defender,8,28.07.1992,21,184,Australia,0,0
369050,Ivan MOCINIC,Midfielder,15,30.04.1993,21,180,Croatia,0,0
380000,Marcelo BROZOVIC,Midfielder,14,16.11.1992,21,180,Croatia,0,0
380009,Luis LOPEZ,Goalkeeper,1,13.09.1993,20,182,Honduras,0,0
379910,Adnan JANUZAJ,Midfielder,20,05.02.1995,19,180,Belgium,0,0
