Player ID 1,Player ID 2,Club_Name
336722,218253,Tigres UANL
314197,229397,FC Barcelona
314197,318601,FC Barcelona
314197,228627,FC Barcelona
314197,306954,FC Barcelona
314197,200179,FC Barcelona
314197,183857,FC Barcelona
314197,177855,FC Barcelona
314197,190962,FC Barcelona
314197,216973,FC Barcelona
314197,182372,FC Barcelona
314197,200261,FC Barcelona
314197,303034,FC Barcelona
229397,318601,FC Barcelona
229397,228627,FC Barcelona
229397,306954,FC Barcelona
229397,200179,FC Barcelona
229397,183857,FC Barcelona
229397,177855,FC Barcelona
229397,190962,FC Barcelona
229397,216973,FC Barcelona
229397,182372,FC Barcelona
229397,200261,FC Barcelona
229397,303034,FC Barcelona
318601,228627,FC Barcelona
318601,306954,FC Barcelona
318601,200179,FC Barcelona
318601,183857,FC Barcelona
318601,177855,FC Barcelona
318601,190962,FC Barcelona
318601,216973,FC Barcelona
318601,182372,FC Barcelona
318601,200261,FC Barcelona
318601,303034,FC Barcelona
228627,306954,FC Barcelona
228627,200179,FC Barcelona
228627,183857,FC Barcelona
228627,177855,FC Barcelona
228627,190962,FC Barcelona
228627,216973,FC Barcelona
228627,182372,FC Barcelona
228627,200261,FC Barcelona
228627,303034,FC Barcelona
306954,200179,FC Barcelona
306954,183857,FC Barcelona
306954,177855,FC Barcelona
306954,190962,FC Barcelona
306954,216973,FC Barcelona
306954,182372,FC Barcelona
306954,200261,FC Barcelona
306954,303034,FC Barcelona
200179,183857,FC Barcelona
200179,177855,FC Barcelona
200179,190962,FC Barcelona
200179,216973,FC Barcelona
200179,182372,FC Barcelona
200179,200261,FC Barcelona
200179,303034,FC Barcelona
183857,177855,FC Barcelona
183857,190962,FC Barcelona
183857,216973,FC Barcelona
183857,182372,FC Barcelona
183857,200261,FC Barcelona
183857,303034,FC Barcelona
177855,190962,FC Barcelona
177855,216973,FC Barcelona
177855,182372,FC Barcelona
177855,200261,FC Barcelona
177855,303034,FC Barcelona
190962,216973,FC Barcelona
190962,182372,FC Barcelona
190962,200261,FC Barcelona
190962,303034,FC Barcelona
216973,182372,FC Barcelona
216973,200261,FC Barcelona
216973,303034,FC Barcelona
182372,200261,FC Barcelona
182372,303034,FC Barcelona
200261,303034,FC Barcelona
212306,215002,Galatasaray SK
212306,356403,Galatasaray SK
212306,278732,Galatasaray SK
212306,229498,Galatasaray SK
215002,356403,Galatasaray SK
215002,278732,Galatasaray SK
215002,229498,Galatasaray SK
356403,278732,Galatasaray SK
356403,229498,Galatasaray SK
278732,229498,Galatasaray SK
229884,207906,Atletico Madrid
229884,216567,Atletico Madrid
229884,229499,Atletico Madrid
229884,290864,Atletico Madrid
229884,367920,Atletico Madrid
229884,358106,Atletico Madrid
229884,313410,Atletico Madrid
229884,368655,Atletico Madrid
207906,216567,Atletico Madrid
207906,229499,Atletico Madrid
207906,290864,Atletico Madrid
207906,367920,Atletico Madrid
207906,358106,Atletico Madrid
207906,313410,Atletico Madrid
207906,368655,Atletico Madrid
216567,229499,Atletico Madrid
216567,290864,Atletico Madrid
216567,367920,Atletico Madrid
216567,358106,Atletico Madrid
216567,313410,Atletico Madrid
216567,368655,Atletico Madrid
229499,290864,Atletico Madrid
229499,367920,Atletico Madrid
229499,358106,Atletico Madrid
229499,313410,Atletico Madrid
229499,368655,Atletico Madrid
290864,367920,Atletico Madrid
290864,358106,Atletico Madrid
290864,313410,Atletico Madrid
290864,368655,Atletico Madrid
367920,358106,Atletico Madrid
367920,313410,Atletico Madrid
367920,368655,Atletico Madrid
358106,313410,Atletico Madrid
358106,368655,Atletico Madrid
313410,368655,Atletico Madrid
228599,217315,Manchester United FC
228599,196842,Manchester United FC
228599,274034,Manchester United FC
228599,268596,Manchester United FC
228599,267811,Manchester United FC
228599,254167,Manchester United FC
228599,290902,Manchester United FC
228599,202544,Manchester United FC
228599,212246,Manchester United FC
228599,356748,Manchester United FC
228599,358009,Manchester United FC
228599,269859,Manchester United FC
228599,379910,Manchester United FC
217315,196842,Manchester United FC
217315,274034,Manchester United FC
217315,268596,Manchester United FC
217315,267811,Manchester United FC
217315,254167,Manchester United FC
217315,290902,Manchester United FC
217315,202544,Manchester United FC
217315,212246,Manchester United FC
217315,356748,Manchester United FC
217315,358009,Manchester United FC
217315,269859,Manchester United FC
217315,379910,Manchester United FC
196842,274034,Manchester United FC
196842,268596,Manchester United FC
196842,267811,Manchester United FC
196842,254167,Manchester United FC
196842,290902,Manchester United FC
196842,202544,Manchester United FC
196842,212246,Manchester United FC
196842,356748,Manchester United FC
196842,358009,Manchester United FC
196842,269859,Manchester United FC
196842,379910,Manchester United FC
274034,268596,Manchester United FC
274034,267811,Manchester United FC
274034,254167,Manchester United FC
274034,290902,Manchester United FC
274034,202544,Manchester United FC
274034,212246,Manchester United FC
274034,356748,Manchester United FC
274034,358009,Manchester United FC
274034,269859,Manchester United FC
274034,379910,Manchester United FC
268596,267811,Manchester United FC
268596,254167,Manchester United FC
268596,290902,Manchester United FC
268596,202544,Manchester United FC
268596,212246,Manchester United FC
268596,356748,Manchester United FC
268596,358009,Manchester United FC
268596,269859,Manchester United FC
268596,379910,Manchester United FC
267811,254167,Manchester United FC
267811,290902,Manchester United FC
267811,202544,Manchester United FC
267811,212246,Manchester United FC
267811,356748,Manchester United FC
267811,358009,Manchester United FC
267811,269859,Manchester United FC
267811,379910,Manchester United FC
254167,290902,Manchester United FC
254167,202544,Manchester United FC
254167,212246,Manchester United FC
254167,356748,Manchester United FC
254167,358009,Manchester United FC
254167,269859,Manchester United FC
254167,379910,Manchester United FC
290902,202544,Manchester United FC
290902,212246,Manchester United FC
290902,356748,Manchester United FC
290902,358009,Manchester United FC
290902,269859,Manchester United FC
290902,379910,Manchester United FC
202544,212246,Manchester United FC
202544,356748,Manchester United FC
202544,358009,Manchester United FC
202544,269859,Manchester United FC
202544,379910,Manchester United FC
212246,356748,Manchester United FC
212246,358009,Manchester United FC
212246,269859,Manchester United FC
212246,379910,Manchester United FC
356748,358009,Manchester United FC
356748,269859,Manchester United FC
356748,379910,Manchester United FC
358009,269859,Manchester United FC
358009,379910,Manchester United FC
269859,379910,Manchester United FC
300409,228528,Manchester City FC
300409,200176,Manchester City FC
300409,198106,Manchester City FC
300409,208016,Manchester City FC
300409,216004,Manchester City FC
300409,233703,Manchester City FC
300409,207924,Manchester City FC
300409,182379,Manchester City FC
300409,299956,Manchester City FC
228528,200176,Manchester City FC
228528,198106,Manchester City FC
228528,208016,Manchester City FC
228528,216004,Manchester City FC
228528,233703,Manchester City FC
228528,207924,Manchester City FC
228528,182379,Manchester City FC
228528,299956,Manchester City FC
200176,198106,Manchester City FC
200176,208016,Manchester City FC
200176,216004,Manchester City FC
200176,233703,Manchester City FC
200176,207924,Manchester City FC
200176,182379,Manchester City FC
200176,299956,Manchester City FC
198106,208016,Manchester City FC
198106,216004,Manchester City FC
198106,233703,Manchester City FC
198106,207924,Manchester City FC
198106,182379,Manchester City FC
198106,299956,Manchester City FC
208016,216004,Manchester City FC
208016,233703,Manchester City FC
208016,207924,Manchester City FC
208016,182379,Manchester City FC
208016,299956,Manchester City FC
216004,233703,Manchester City FC
216004,207924,Manchester City FC
216004,182379,Manchester City FC
216004,299956,Manchester City FC
233703,207924,Manchester City FC
233703,182379,Manchester City FC
233703,299956,Manchester City FC
207924,182379,Manchester City FC
207924,299956,Manchester City FC
182379,299956,Manchester City FC
184615,196897,FC Schalke 04
184615,358692,FC Schalke 04
184615,311148,FC Schalke 04
184615,268474,FC Schalke 04
184615,320375,FC Schalke 04
184615,376230,FC Schalke 04
196897,358692,FC Schalke 04
196897,311148,FC Schalke 04
196897,268474,FC Schalke 04
196897,320375,FC Schalke 04
196897,376230,FC Schalke 04
358692,311148,FC Schalke 04
358692,268474,FC Schalke 04
358692,320375,FC Schalke 04
358692,376230,FC Schalke 04
311148,268474,FC Schalke 04
311148,320375,FC Schalke 04
311148,376230,FC Schalke 04
268474,320375,FC Schalke 04
268474,376230,FC Schalke 04
320375,376230,FC Schalke 04
271550,359235,SSC Napoli
271550,358114,SSC Napoli
271550,318034,SSC Napoli
271550,261029,SSC Napoli
271550,216627,SSC Napoli
271550,216646,SSC Napoli
271550,229443,SSC Napoli
271550,175413,SSC Napoli
271550,216820,SSC Napoli
271550,298613,SSC Napoli
271550,364088,SSC Napoli
359235,358114,SSC Napoli
359235,318034,SSC Napoli
359235,261029,SSC Napoli
359235,216627,SSC Napoli
359235,216646,SSC Napoli
359235,229443,SSC Napoli
359235,175413,SSC Napoli
359235,216820,SSC Napoli
359235,298613,SSC Napoli
359235,364088,SSC Napoli
358114,318034,SSC Napoli
358114,261029,SSC Napoli
358114,216627,SSC Napoli
358114,216646,SSC Napoli
358114,229443,SSC Napoli
358114,175413,SSC Napoli
358114,216820,SSC Napoli
358114,298613,SSC Napoli
358114,364088,SSC Napoli
318034,261029,SSC Napoli
318034,216627,SSC Napoli
318034,216646,SSC Napoli
318034,229443,SSC Napoli
318034,175413,SSC Napoli
318034,216820,SSC Napoli
318034,298613,SSC Napoli
318034,364088,SSC Napoli
261029,216627,SSC Napoli
261029,216646,SSC Napoli
261029,229443,SSC Napoli
261029,175413,SSC Napoli
261029,216820,SSC Napoli
261029,298613,SSC Napoli
261029,364088,SSC Napoli
216627,216646,SSC Napoli
216627,229443,SSC Napoli
216627,175413,SSC Napoli
216627,216820,SSC Napoli
216627,298613,SSC Napoli
216627,364088,SSC Napoli
216646,229443,SSC Napoli
216646,175413,SSC Napoli
216646,216820,SSC Napoli
216646,298613,SSC Napoli
216646,364088,SSC Napoli
229443,175413,SSC Napoli
229443,216820,SSC Napoli
229443,298613,SSC Napoli
229443,364088,SSC Napoli
175413,216820,SSC Napoli
175413,298613,SSC Napoli
175413,364088,SSC Napoli
216820,298613,SSC Napoli
216820,364088,SSC Napoli
298613,364088,SSC Napoli
354859,269768,Sporting CP
354859,318688,Sporting CP
354859,376349,Sporting CP
269768,318688,Sporting CP
269768,376349,Sporting CP
318688,376349,Sporting CP
182206,187203,SS Lazio
182206,315429,SS Lazio
182206,286259,SS Lazio
182206,358099,SS Lazio
182206,200133,SS Lazio
182206,298662,SS Lazio
187203,315429,SS Lazio
187203,286259,SS Lazio
187203,358099,SS Lazio
187203,200133,SS Lazio
187203,298662,SS Lazio
315429,286259,SS Lazio
315429,358099,SS Lazio
315429,200133,SS Lazio
315429,298662,SS Lazio
286259,358099,SS Lazio
286259,200133,SS Lazio
286259,298662,SS Lazio
358099,200133,SS Lazio
358099,298662,SS Lazio
200133,298662,SS Lazio
286278,312316,FSV Mainz 05
286278,291393,FSV Mainz 05
286278,209940,FSV Mainz 05
286278,268411,FSV Mainz 05
312316,291393,FSV Mainz 05
312316,209940,FSV Mainz 05
312316,268411,FSV Mainz 05
291393,209940,FSV Mainz 05
291393,268411,FSV Mainz 05
209940,268411,FSV Mainz 05
270775,306532,Liverpool FC
270775,274090,Liverpool FC
270775,214961,Liverpool FC
270775,274135,Liverpool FC
270775,178963,Liverpool FC
270775,197464,Liverpool FC
270775,298738,Liverpool FC
270775,356189,Liverpool FC
270775,336043,Liverpool FC
306532,274090,Liverpool FC
306532,214961,Liverpool FC
306532,274135,Liverpool FC
306532,178963,Liverpool FC
306532,197464,Liverpool FC
306532,298738,Liverpool FC
306532,356189,Liverpool FC
306532,336043,Liverpool FC
274090,214961,Liverpool FC
274090,274135,Liverpool FC
274090,178963,Liverpool FC
274090,197464,Liverpool FC
274090,298738,Liverpool FC
274090,356189,Liverpool FC
274090,336043,Liverpool FC
214961,274135,Liverpool FC
214961,178963,Liverpool FC
214961,197464,Liverpool FC
214961,298738,Liverpool FC
214961,356189,Liverpool FC
214961,336043,Liverpool FC
274135,178963,Liverpool FC
274135,197464,Liverpool FC
274135,298738,Liverpool FC
274135,356189,Liverpool FC
274135,336043,Liverpool FC
178963,197464,Liverpool FC
178963,298738,Liverpool FC
178963,356189,Liverpool FC
178963,336043,Liverpool FC
197464,298738,Liverpool FC
197464,356189,Liverpool FC
197464,336043,Liverpool FC
298738,356189,Liverpool FC
298738,336043,Liverpool FC
356189,336043,Liverpool FC
356411,297331,FC Basel
356411,233530,FC Basel
356411,367555,FC Basel
356411,319460,FC Basel
356411,332293,FC Basel
297331,233530,FC Basel
297331,367555,FC Basel
297331,319460,FC Basel
297331,332293,FC Basel
233530,367555,FC Basel
233530,319460,FC Basel
233530,332293,FC Basel
367555,319460,FC Basel
367555,332293,FC Basel
319460,332293,FC Basel
373224,312432,Southampton FC
373224,271253,Southampton FC
373224,361222,Southampton FC
373224,312116,Southampton FC
373224,336450,Southampton FC
312432,271253,Southampton FC
312432,361222,Southampton FC
312432,312116,Southampton FC
312432,336450,Southampton FC
271253,361222,Southampton FC
271253,312116,Southampton FC
271253,336450,Southampton FC
361222,312116,Southampton FC
361222,336450,Southampton FC
312116,336450,Southampton FC
296994,380000,GNK Dinamo Zagreb
339508,213878,San Jose Earthquakes
213001,183798,New York Red Bulls
214384,210704,Shakhtar Donetsk
214384,356669,Shakhtar Donetsk
210704,356669,Shakhtar Donetsk
170667,306548,Chelsea FC
170667,183864,Chelsea FC
170667,218306,Chelsea FC
170667,312868,Chelsea FC
170667,185385,Chelsea FC
170667,273996,Chelsea FC
170667,305764,Chelsea FC
170667,298959,Chelsea FC
170667,234463,Chelsea FC
170667,271043,Chelsea FC
170667,270948,Chelsea FC
306548,183864,Chelsea FC
306548,218306,Chelsea FC
306548,312868,Chelsea FC
306548,185385,Chelsea FC
306548,273996,Chelsea FC
306548,305764,Chelsea FC
306548,298959,Chelsea FC
306548,234463,Chelsea FC
306548,271043,Chelsea FC
306548,270948,Chelsea FC
183864,218306,Chelsea FC
183864,312868,Chelsea FC
183864,185385,Chelsea FC
183864,273996,Chelsea FC
183864,305764,Chelsea FC
183864,298959,Chelsea FC
183864,234463,Chelsea FC
183864,271043,Chelsea FC
183864,270948,Chelsea FC
218306,312868,Chelsea FC
218306,185385,Chelsea FC
218306,273996,Chelsea FC
218306,305764,Chelsea FC
218306,298959,Chelsea FC
218306,234463,Chelsea FC
218306,271043,Chelsea FC
218306,270948,Chelsea FC
312868,185385,Chelsea FC
312868,273996,Chelsea FC
312868,305764,Chelsea FC
312868,298959,Chelsea FC
312868,234463,Chelsea FC
312868,271043,Chelsea FC
312868,270948,Chelsea FC
185385,273996,Chelsea FC
185385,305764,Chelsea FC
185385,298959,Chelsea FC
185385,234463,Chelsea FC
185385,271043,Chelsea FC
185385,270948,Chelsea FC
273996,305764,Chelsea FC
273996,298959,Chelsea FC
273996,234463,Chelsea FC
273996,271043,Chelsea FC
273996,270948,Chelsea FC
305764,298959,Chelsea FC
305764,234463,Chelsea FC
305764,271043,Chelsea FC
305764,270948,Chelsea FC
298959,234463,Chelsea FC
298959,271043,Chelsea FC
298959,270948,Chelsea FC
234463,271043,Chelsea FC
234463,270948,Chelsea FC
271043,270948,Chelsea FC
271414,296297,Real Espana
271414,296312,Real Espana
271414,380009,Real Espana
296297,296312,Real Espana
296297,380009,Real Espana
296312,380009,Real Espana
275096,189259,Cerezo Osaka
275096,356466,Cerezo Osaka
189259,356466,Cerezo Osaka
270301,319358,Valencia CF
270301,209989,Valencia CF
270301,210212,Valencia CF
270301,214407,Valencia CF
319358,209989,Valencia CF
319358,210212,Valencia CF
319358,214407,Valencia CF
209989,210212,Valencia CF
209989,214407,Valencia CF
210212,214407,Valencia CF
201200,297103,Real Madrid CF
201200,266800,Real Madrid CF
201200,207528,Real Madrid CF
201200,218284,Real Madrid CF
201200,241559,Real Madrid CF
201200,196900,Real Madrid CF
201200,216814,Real Madrid CF
201200,269784,Real Madrid CF
201200,275931,Real Madrid CF
201200,176644,Real Madrid CF
201200,359440,Real Madrid CF
297103,266800,Real Madrid CF
297103,207528,Real Madrid CF
297103,218284,Real Madrid CF
297103,241559,Real Madrid CF
297103,196900,Real Madrid CF
297103,216814,Real Madrid CF
297103,269784,Real Madrid CF
297103,275931,Real Madrid CF
297103,176644,Real Madrid CF
297103,359440,Real Madrid CF
266800,207528,Real Madrid CF
266800,218284,Real Madrid CF
266800,241559,Real Madrid CF
266800,196900,Real Madrid CF
266800,216814,Real Madrid CF
266800,269784,Real Madrid CF
266800,275931,Real Madrid CF
266800,176644,Real Madrid CF
266800,359440,Real Madrid CF
207528,218284,Real Madrid CF
207528,241559,Real Madrid CF
207528,196900,Real Madrid CF
207528,216814,Real Madrid CF
207528,269784,Real Madrid CF
207528,275931,Real Madrid CF
207528,176644,Real Madrid CF
207528,359440,Real Madrid CF
218284,241559,Real Madrid CF
218284,196900,Real Madrid CF
218284,216814,Real Madrid CF
218284,269784,Real Madrid CF
218284,275931,Real Madrid CF
218284,176644,Real Madrid CF
218284,359440,Real Madrid CF
241559,196900,Real Madrid CF
241559,216814,Real Madrid CF
241559,269784,Real Madrid CF
241559,275931,Real Madrid CF
241559,176644,Real Madrid CF
241559,359440,Real Madrid CF
196900,216814,Real Madrid CF
196900,269784,Real Madrid CF
196900,275931,Real Madrid CF
196900,176644,Real Madrid CF
196900,359440,Real Madrid CF
216814,269784,Real Madrid CF
216814,275931,Real Madrid CF
216814,176644,Real Madrid CF
216814,359440,Real Madrid CF
269784,275931,Real Madrid CF
269784,176644,Real Madrid CF
269784,359440,Real Madrid CF
275931,176644,Real Madrid CF
275931,359440,Real Madrid CF
176644,359440,Real Madrid CF
235097,367333,FC Rubin Kazan
356399,347716,1. FC Nuernberg
356399,289027,1. FC Nuernberg
356399,365556,1. FC Nuernberg
347716,289027,1. FC Nuernberg
347716,365556,1. FC Nuernberg
289027,365556,1. FC Nuernberg
309716,369546,CA River Plate
301059,233500,AC Milan
301059,183000,AC Milan
301059,175524,AC Milan
301059,228936,AC Milan
301059,216964,AC Milan
301059,200209,AC Milan
301059,359223,AC Milan
233500,183000,AC Milan
233500,175524,AC Milan
233500,228936,AC Milan
233500,216964,AC Milan
233500,200209,AC Milan
233500,359223,AC Milan
183000,175524,AC Milan
183000,228936,AC Milan
183000,216964,AC Milan
183000,200209,AC Milan
183000,359223,AC Milan
175524,228936,AC Milan
175524,216964,AC Milan
175524,200209,AC Milan
175524,359223,AC Milan
228936,216964,AC Milan
228936,200209,AC Milan
228936,359223,AC Milan
216964,200209,AC Milan
216964,359223,AC Milan
200209,359223,AC Milan
364763,214135,Fenerbahce SK
364763,217313,Fenerbahce SK
364763,210214,Fenerbahce SK
364763,210213,Fenerbahce SK
214135,217313,Fenerbahce SK
214135,210214,Fenerbahce SK
214135,210213,Fenerbahce SK
217313,210214,Fenerbahce SK
217313,210213,Fenerbahce SK
210214,210213,Fenerbahce SK
196789,305036,Arsenal FC
196789,358015,Arsenal FC
196789,356198,Arsenal FC
196789,297705,Arsenal FC
196789,207888,Arsenal FC
196789,216880,Arsenal FC
196789,254141,Arsenal FC
196789,358012,Arsenal FC
196789,330565,Arsenal FC
305036,358015,Arsenal FC
305036,356198,Arsenal FC
305036,297705,Arsenal FC
305036,207888,Arsenal FC
305036,216880,Arsenal FC
305036,254141,Arsenal FC
305036,358012,Arsenal FC
305036,330565,Arsenal FC
358015,356198,Arsenal FC
358015,297705,Arsenal FC
358015,207888,Arsenal FC
358015,216880,Arsenal FC
358015,254141,Arsenal FC
358015,358012,Arsenal FC
358015,330565,Arsenal FC
356198,297705,Arsenal FC
356198,207888,Arsenal FC
356198,216880,Arsenal FC
356198,254141,Arsenal FC
356198,358012,Arsenal FC
356198,330565,Arsenal FC
297705,207888,Arsenal FC
297705,216880,Arsenal FC
297705,254141,Arsenal FC
297705,358012,Arsenal FC
297705,330565,Arsenal FC
207888,216880,Arsenal FC
207888,254141,Arsenal FC
207888,358012,Arsenal FC
207888,330565,Arsenal FC
216880,254141,Arsenal FC
216880,358012,Arsenal FC
216880,330565,Arsenal FC
254141,358012,Arsenal FC
254141,330565,Arsenal FC
358012,330565,Arsenal FC
367261,313832,FC Porto
367261,254166,FC Porto
367261,290824,FC Porto
367261,276132,FC Porto
367261,329092,FC Porto
367261,319340,FC Porto
367261,308082,FC Porto
367261,356704,FC Porto
313832,254166,FC Porto
313832,290824,FC Porto
313832,276132,FC Porto
313832,329092,FC Porto
313832,319340,FC Porto
313832,308082,FC Porto
313832,356704,FC Porto
254166,290824,FC Porto
254166,276132,FC Porto
254166,329092,FC Porto
254166,319340,FC Porto
254166,308082,FC Porto
254166,356704,FC Porto
290824,276132,FC Porto
290824,329092,FC Porto
290824,319340,FC Porto
290824,308082,FC Porto
290824,356704,FC Porto
276132,329092,FC Porto
276132,319340,FC Porto
276132,308082,FC Porto
276132,356704,FC Porto
329092,319340,FC Porto
329092,308082,FC Porto
329092,356704,FC Porto
319340,308082,FC Porto
319340,356704,FC Porto
308082,356704,FC Porto
207761,356162,Watford FC
300411,198489,VfB Stuttgart
300411,321736,VfB Stuttgart
300411,332827,VfB Stuttgart
198489,321736,VfB Stuttgart
198489,332827,VfB Stuttgart
321736,332827,VfB Stuttgart
319311,305972,Cruz Azul FC
319311,195231,Cruz Azul FC
305972,195231,Cruz Azul FC
321722,184616,FC Bayern Muenchen
321722,321653,FC Bayern Muenchen
321722,375518,FC Bayern Muenchen
321722,309316,FC Bayern Muenchen
321722,196752,FC Bayern Muenchen
321722,248373,FC Bayern Muenchen
321722,367913,FC Bayern Muenchen
321722,375523,FC Bayern Muenchen
321722,275162,FC Bayern Muenchen
321722,196748,FC Bayern Muenchen
321722,228912,FC Bayern Muenchen
321722,299442,FC Bayern Muenchen
321722,270714,FC Bayern Muenchen
321722,369094,FC Bayern Muenchen
184616,321653,FC Bayern Muenchen
184616,375518,FC Bayern Muenchen
184616,309316,FC Bayern Muenchen
184616,196752,FC Bayern Muenchen
184616,248373,FC Bayern Muenchen
184616,367913,FC Bayern Muenchen
184616,375523,FC Bayern Muenchen
184616,275162,FC Bayern Muenchen
184616,196748,FC Bayern Muenchen
184616,228912,FC Bayern Muenchen
184616,299442,FC Bayern Muenchen
184616,270714,FC Bayern Muenchen
184616,369094,FC Bayern Muenchen
321653,375518,FC Bayern Muenchen
321653,309316,FC Bayern Muenchen
321653,196752,FC Bayern Muenchen
321653,248373,FC Bayern Muenchen
321653,367913,FC Bayern Muenchen
321653,375523,FC Bayern Muenchen
321653,275162,FC Bayern Muenchen
321653,196748,FC Bayern Muenchen
321653,228912,FC Bayern Muenchen
321653,299442,FC Bayern Muenchen
321653,270714,FC Bayern Muenchen
321653,369094,FC Bayern Muenchen
375518,309316,FC Bayern Muenchen
375518,196752,FC Bayern Muenchen
375518,248373,FC Bayern Muenchen
375518,367913,FC Bayern Muenchen
375518,375523,FC Bayern Muenchen
375518,275162,FC Bayern Muenchen
375518,196748,FC Bayern Muenchen
375518,228912,FC Bayern Muenchen
375518,299442,FC Bayern Muenchen
375518,270714,FC Bayern Muenchen
375518,369094,FC Bayern Muenchen
309316,196752,FC Bayern Muenchen
309316,248373,FC Bayern Muenchen
309316,367913,FC Bayern Muenchen
309316,375523,FC Bayern Muenchen
309316,275162,FC Bayern Muenchen
309316,196748,FC Bayern Muenchen
309316,228912,FC Bayern Muenchen
309316,299442,FC Bayern Muenchen
309316,270714,FC Bayern Muenchen
309316,369094,FC Bayern Muenchen
196752,248373,FC Bayern Muenchen
196752,367913,FC Bayern Muenchen
196752,375523,FC Bayern Muenchen
196752,275162,FC Bayern Muenchen
196752,196748,FC Bayern Muenchen
196752,228912,FC Bayern Muenchen
196752,299442,FC Bayern Muenchen
196752,270714,FC Bayern Muenchen
196752,369094,FC Bayern Muenchen
248373,367913,FC Bayern Muenchen
248373,375523,FC Bayern Muenchen
248373,275162,FC Bayern Muenchen
248373,196748,FC Bayern Muenchen
248373,228912,FC Bayern Muenchen
248373,299442,FC Bayern Muenchen
248373,270714,FC Bayern Muenchen
248373,369094,FC Bayern Muenchen
367913,375523,FC Bayern Muenchen
367913,275162,FC Bayern Muenchen
367913,196748,FC Bayern Muenchen
367913,228912,FC Bayern Muenchen
367913,299442,FC Bayern Muenchen
367913,270714,FC Bayern Muenchen
367913,369094,FC Bayern Muenchen
375523,275162,FC Bayern Muenchen
375523,196748,FC Bayern Muenchen
375523,228912,FC Bayern Muenchen
375523,299442,FC Bayern Muenchen
375523,270714,FC Bayern Muenchen
375523,369094,FC Bayern Muenchen
275162,196748,FC Bayern Muenchen
275162,228912,FC Bayern Muenchen
275162,299442,FC Bayern Muenchen
275162,270714,FC Bayern Muenchen
275162,369094,FC Bayern Muenchen
196748,228912,FC Bayern Muenchen
196748,299442,FC Bayern Muenchen
196748,270714,FC Bayern Muenchen
196748,369094,FC Bayern Muenchen
228912,299442,FC Bayern Muenchen
228912,270714,FC Bayern Muenchen
228912,369094,FC Bayern Muenchen
299442,270714,FC Bayern Muenchen
299442,369094,FC Bayern Muenchen
270714,369094,FC Bayern Muenchen
352394,311150,Borussia Dortmund
352394,195223,Borussia Dortmund
352394,299090,Borussia Dortmund
352394,356933,Borussia Dortmund
352394,358694,Borussia Dortmund
352394,379952,Borussia Dortmund
311150,195223,Borussia Dortmund
311150,299090,Borussia Dortmund
311150,356933,Borussia Dortmund
311150,358694,Borussia Dortmund
311150,379952,Borussia Dortmund
195223,299090,Borussia Dortmund
195223,356933,Borussia Dortmund
195223,358694,Borussia Dortmund
195223,379952,Borussia Dortmund
299090,356933,Borussia Dortmund
299090,358694,Borussia Dortmund
299090,379952,Borussia Dortmund
356933,358694,Borussia Dortmund
356933,379952,Borussia Dortmund
358694,379952,Borussia Dortmund
207851,368973,Seattle Sounders FC
353118,254089,Swansea City AFC
353118,298677,Swansea City AFC
254089,298677,Swansea City AFC
230517,216990,Konyaspor
216970,189300,Lille OSC
216970,214571,Lille OSC
216970,379911,Lille OSC
189300,214571,Lille OSC
189300,379911,Lille OSC
214571,379911,Lille OSC
298681,297377,FC Dynamo Kyiv
298681,299896,FC Dynamo Kyiv
298681,200201,FC Dynamo Kyiv
297377,299896,FC Dynamo Kyiv
297377,200201,FC Dynamo Kyiv
299896,200201,FC Dynamo Kyiv
229506,238112,RCD Espanyol
373400,184447,CF Pachuca
186455,299878,Newcastle United FC
186455,358011,Newcastle United FC
186455,291329,Newcastle United FC
186455,232760,Newcastle United FC
186455,317056,Newcastle United FC
299878,358011,Newcastle United FC
299878,291329,Newcastle United FC
299878,232760,Newcastle United FC
299878,317056,Newcastle United FC
358011,291329,Newcastle United FC
358011,232760,Newcastle United FC
358011,317056,Newcastle United FC
291329,232760,Newcastle United FC
291329,317056,Newcastle United FC
232760,317056,Newcastle United FC
358891,186808,FC Zenit St. Petersburg
358891,318172,FC Zenit St. Petersburg
358891,300235,FC Zenit St. Petersburg
358891,290821,FC Zenit St. Petersburg
358891,216874,FC Zenit St. Petersburg
358891,359428,FC Zenit St. Petersburg
358891,367343,FC Zenit St. Petersburg
186808,318172,FC Zenit St. Petersburg
186808,300235,FC Zenit St. Petersburg
186808,290821,FC Zenit St. Petersburg
186808,216874,FC Zenit St. Petersburg
186808,359428,FC Zenit St. Petersburg
186808,367343,FC Zenit St. Petersburg
318172,300235,FC Zenit St. Petersburg
318172,290821,FC Zenit St. Petersburg
318172,216874,FC Zenit St. Petersburg
318172,359428,FC Zenit St. Petersburg
318172,367343,FC Zenit St. Petersburg
300235,290821,FC Zenit St. Petersburg
300235,216874,FC Zenit St. Petersburg
300235,359428,FC Zenit St. Petersburg
300235,367343,FC Zenit St. Petersburg
290821,216874,FC Zenit St. Petersburg
290821,359428,FC Zenit St. Petersburg
290821,367343,FC Zenit St. Petersburg
216874,359428,FC Zenit St. Petersburg
216874,367343,FC Zenit St. Petersburg
359428,367343,FC Zenit St. Petersburg
336435,311554,Real Sociedad
336435,202650,Real Sociedad
311554,202650,Real Sociedad
267834,359217,Paris Saint-Germain FC
267834,229392,Paris Saint-Germain FC
267834,358013,Paris Saint-Germain FC
267834,175689,Paris Saint-Germain FC
267834,358014,Paris Saint-Germain FC
267834,289964,Paris Saint-Germain FC
267834,207809,Paris Saint-Germain FC
267834,298655,Paris Saint-Germain FC
267834,368860,Paris Saint-Germain FC
359217,229392,Paris Saint-Germain FC
359217,358013,Paris Saint-Germain FC
359217,175689,Paris Saint-Germain FC
359217,358014,Paris Saint-Germain FC
359217,289964,Paris Saint-Germain FC
359217,207809,Paris Saint-Germain FC
359217,298655,Paris Saint-Germain FC
359217,368860,Paris Saint-Germain FC
229392,358013,Paris Saint-Germain FC
229392,175689,Paris Saint-Germain FC
229392,358014,Paris Saint-Germain FC
229392,289964,Paris Saint-Germain FC
229392,207809,Paris Saint-Germain FC
229392,298655,Paris Saint-Germain FC
229392,368860,Paris Saint-Germain FC
358013,175689,Paris Saint-Germain FC
358013,358014,Paris Saint-Germain FC
358013,289964,Paris Saint-Germain FC
358013,207809,Paris Saint-Germain FC
358013,298655,Paris Saint-Germain FC
358013,368860,Paris Saint-Germain FC
175689,358014,Paris Saint-Germain FC
175689,289964,Paris Saint-Germain FC
175689,207809,Paris Saint-Germain FC
175689,298655,Paris Saint-Germain FC
175689,368860,Paris Saint-Germain FC
358014,289964,Paris Saint-Germain FC
358014,207809,Paris Saint-Germain FC
358014,298655,Paris Saint-Germain FC
358014,368860,Paris Saint-Germain FC
289964,207809,Paris Saint-Germain FC
289964,298655,Paris Saint-Germain FC
289964,368860,Paris Saint-Germain FC
207809,298655,Paris Saint-Germain FC
207809,368860,Paris Saint-Germain FC
298655,368860,Paris Saint-Germain FC
214410,183893,Besiktas JK
214410,200259,Besiktas JK
183893,200259,Besiktas JK
217172,309426,Atletico Mineiro
358112,290903,Everton FC
358112,299960,Everton FC
358112,305768,Everton FC
358112,178420,Everton FC
358112,369392,Everton FC
290903,299960,Everton FC
290903,305768,Everton FC
290903,178420,Everton FC
290903,369392,Everton FC
299960,305768,Everton FC
299960,178420,Everton FC
299960,369392,Everton FC
305768,178420,Everton FC
305768,369392,Everton FC
178420,369392,Everton FC
196812,318768,Fulham FC
196812,168832,Fulham FC
318768,168832,Fulham FC
270144,311850,Kuban Krasnodar
349572,375459,Club Tijuana
349512,296633,Sevilla FC
349512,200935,Sevilla FC
349512,214404,Sevilla FC
296633,200935,Sevilla FC
296633,214404,Sevilla FC
200935,214404,Sevilla FC
366573,230739,FC Internazionale
366573,239424,FC Internazionale
366573,200219,FC Internazionale
366573,291372,FC Internazionale
366573,356612,FC Internazionale
366573,349631,FC Internazionale
366573,339987,FC Internazionale
230739,239424,FC Internazionale
230739,200219,FC Internazionale
230739,291372,FC Internazionale
230739,356612,FC Internazionale
230739,349631,FC Internazionale
230739,339987,FC Internazionale
239424,200219,FC Internazionale
239424,291372,FC Internazionale
239424,356612,FC Internazionale
239424,349631,FC Internazionale
239424,339987,FC Internazionale
200219,291372,FC Internazionale
200219,356612,FC Internazionale
200219,349631,FC Internazionale
200219,339987,FC Internazionale
291372,356612,FC Internazionale
291372,349631,FC Internazionale
291372,339987,FC Internazionale
356612,349631,FC Internazionale
356612,339987,FC Internazionale
349631,339987,FC Internazionale
330689,312679,FC Augsburg
330689,254091,FC Augsburg
312679,254091,FC Augsburg
238072,268406,Sunderland AFC
313874,229440,CSD Colo-Colo
297839,302381,Hannover 96
297839,350003,Hannover 96
302381,350003,Hannover 96
307529,358022,Olympiacos Piraeus FC
307529,321731,Olympiacos Piraeus FC
307529,362649,Olympiacos Piraeus FC
307529,323556,Olympiacos Piraeus FC
358022,321731,Olympiacos Piraeus FC
358022,362649,Olympiacos Piraeus FC
358022,323556,Olympiacos Piraeus FC
321731,362649,Olympiacos Piraeus FC
321731,323556,Olympiacos Piraeus FC
362649,323556,Olympiacos Piraeus FC
177927,379972,Parma FC
177927,276131,Parma FC
177927,378836,Parma FC
177927,233333,Parma FC
379972,276131,Parma FC
379972,378836,Parma FC
379972,233333,Parma FC
276131,378836,Parma FC
276131,233333,Parma FC
378836,233333,Parma FC
290186,299198,AS Roma
290186,209119,AS Roma
290186,228336,AS Roma
290186,181406,AS Roma
299198,209119,AS Roma
299198,228336,AS Roma
299198,181406,AS Roma
209119,228336,AS Roma
209119,181406,AS Roma
228336,181406,AS Roma
302539,344714,CSKA Moscow
302539,186787,CSKA Moscow
302539,186793,CSKA Moscow
302539,215017,CSKA Moscow
302539,358869,CSKA Moscow
344714,186787,CSKA Moscow
344714,186793,CSKA Moscow
344714,215017,CSKA Moscow
344714,358869,CSKA Moscow
186787,186793,CSKA Moscow
186787,215017,CSKA Moscow
186787,358869,CSKA Moscow
186793,215017,CSKA Moscow
186793,358869,CSKA Moscow
215017,358869,CSKA Moscow
307849,251352,Bayer 04 Leverkusen
307849,216069,Bayer 04 Leverkusen
251352,216069,Bayer 04 Leverkusen
367393,239237,Valenciennes FC
319438,214876,PSV Eindhoven
319438,315614,PSV Eindhoven
319438,336098,PSV Eindhoven
214876,315614,PSV Eindhoven
214876,336098,PSV Eindhoven
315614,336098,PSV Eindhoven
369058,215623,ACF Fiorentina
369058,309714,ACF Fiorentina
215623,309714,ACF Fiorentina
358048,279417,FC Dynamo Moscow
358048,216432,FC Dynamo Moscow
358048,216438,FC Dynamo Moscow
358048,369983,FC Dynamo Moscow
358048,358046,FC Dynamo Moscow
358048,358881,FC Dynamo Moscow
279417,216432,FC Dynamo Moscow
279417,216438,FC Dynamo Moscow
279417,369983,FC Dynamo Moscow
279417,358046,FC Dynamo Moscow
279417,358881,FC Dynamo Moscow
216432,216438,FC Dynamo Moscow
216432,369983,FC Dynamo Moscow
216432,358046,FC Dynamo Moscow
216432,358881,FC Dynamo Moscow
216438,369983,FC Dynamo Moscow
216438,358046,FC Dynamo Moscow
216438,358881,FC Dynamo Moscow
369983,358046,FC Dynamo Moscow
369983,358881,FC Dynamo Moscow
358046,358881,FC Dynamo Moscow
358120,187258,VfL Wolfsburg
358120,359381,VfL Wolfsburg
358120,367918,VfL Wolfsburg
358120,196633,VfL Wolfsburg
358120,200205,VfL Wolfsburg
358120,313559,VfL Wolfsburg
187258,359381,VfL Wolfsburg
187258,367918,VfL Wolfsburg
187258,196633,VfL Wolfsburg
187258,200205,VfL Wolfsburg
187258,313559,VfL Wolfsburg
359381,367918,VfL Wolfsburg
359381,196633,VfL Wolfsburg
359381,200205,VfL Wolfsburg
359381,313559,VfL Wolfsburg
367918,196633,VfL Wolfsburg
367918,200205,VfL Wolfsburg
367918,313559,VfL Wolfsburg
196633,200205,VfL Wolfsburg
196633,313559,VfL Wolfsburg
200205,313559,VfL Wolfsburg
213953,339447,LD Alajuelense
213953,214874,LD Alajuelense
339447,214874,LD Alajuelense
234551,350124,Villarreal CF
290452,181698,CA Monarcas Morelia
290452,286238,CA Monarcas Morelia
181698,286238,CA Monarcas Morelia
362727,358108,Tottenham Hotspur FC
362727,290825,Tottenham Hotspur FC
362727,290904,Tottenham Hotspur FC
362727,297105,Tottenham Hotspur FC
362727,379939,Tottenham Hotspur FC
358108,290825,Tottenham Hotspur FC
358108,290904,Tottenham Hotspur FC
358108,297105,Tottenham Hotspur FC
358108,379939,Tottenham Hotspur FC
290825,290904,Tottenham Hotspur FC
290825,297105,Tottenham Hotspur FC
290825,379939,Tottenham Hotspur FC
290904,297105,Tottenham Hotspur FC
290904,379939,Tottenham Hotspur FC
297105,379939,Tottenham Hotspur FC
367388,267543,Juventus FC
367388,177876,Juventus FC
367388,196605,Juventus FC
367388,294619,Juventus FC
367388,215274,Juventus FC
367388,321641,Juventus FC
367388,298664,Juventus FC
367388,228617,Juventus FC
367388,267829,Juventus FC
367388,159304,Juventus FC
367388,214377,Juventus FC
267543,177876,Juventus FC
267543,196605,Juventus FC
267543,294619,Juventus FC
267543,215274,Juventus FC
267543,321641,Juventus FC
267543,298664,Juventus FC
267543,228617,Juventus FC
267543,267829,Juventus FC
267543,159304,Juventus FC
267543,214377,Juventus FC
177876,196605,Juventus FC
177876,294619,Juventus FC
177876,215274,Juventus FC
177876,321641,Juventus FC
177876,298664,Juventus FC
177876,228617,Juventus FC
177876,267829,Juventus FC
177876,159304,Juventus FC
177876,214377,Juventus FC
196605,294619,Juventus FC
196605,215274,Juventus FC
196605,321641,Juventus FC
196605,298664,Juventus FC
196605,228617,Juventus FC
196605,267829,Juventus FC
196605,159304,Juventus FC
196605,214377,Juventus FC
294619,215274,Juventus FC
294619,321641,Juventus FC
294619,298664,Juventus FC
294619,228617,Juventus FC
294619,267829,Juventus FC
294619,159304,Juventus FC
294619,214377,Juventus FC
215274,321641,Juventus FC
215274,298664,Juventus FC
215274,228617,Juventus FC
215274,267829,Juventus FC
215274,159304,Juventus FC
215274,214377,Juventus FC
321641,298664,Juventus FC
321641,228617,Juventus FC
321641,267829,Juventus FC
321641,159304,Juventus FC
321641,214377,Juventus FC
298664,228617,Juventus FC
298664,267829,Juventus FC
298664,159304,Juventus FC
298664,214377,Juventus FC
228617,267829,Juventus FC
228617,159304,Juventus FC
228617,214377,Juventus FC
267829,159304,Juventus FC
267829,214377,Juventus FC
159304,214377,Juventus FC
269058,267647,AS Monaco
269058,200199,AS Monaco
269058,299887,AS Monaco
269058,266783,AS Monaco
267647,200199,AS Monaco
267647,299887,AS Monaco
267647,266783,AS Monaco
200199,299887,AS Monaco
200199,266783,AS Monaco
299887,266783,AS Monaco
216435,297373,FC Lokomotiv Moscow
355997,336869,Vitesse Arnheim
356731,371044,Club America
356731,289195,Club America
356731,209960,Club America
371044,289195,Club America
371044,209960,Club America
289195,209960,Club America
215513,214887,PAOK FC
215513,360111,PAOK FC
215513,319298,PAOK FC
214887,360111,PAOK FC
214887,319298,PAOK FC
360111,319298,PAOK FC
214228,209827,Stoke City FC
214228,321971,Stoke City FC
214228,230121,Stoke City FC
209827,321971,Stoke City FC
209827,230121,Stoke City FC
321971,230121,Stoke City FC
358024,336485,Genoa CFC
358024,309420,Genoa CFC
336485,309420,Genoa CFC
316997,286481,SL Benfica
316997,299064,SL Benfica
316997,200130,SL Benfica
316997,375453,SL Benfica
286481,299064,SL Benfica
286481,200130,SL Benfica
286481,375453,SL Benfica
299064,200130,SL Benfica
299064,375453,SL Benfica
200130,375453,SL Benfica
356407,356676,Grasshopper Club
178842,360642,Independiente Santa Fe
201787,349517,Cagliari Calcio
312672,307026,Rosenborg BK
316117,213879,Hull City FC
311558,380069,Borussia Moenchengladbach
297106,294620,Olympique Marseille
297106,290931,Olympique Marseille
294620,290931,Olympique Marseille
274946,183882,Udinese Calcio
212410,184545,Al Hilal FC
233531,179038,Toronto FC
298892,281252,Celta Vigo
372989,379888,Eintracht Braunschweig
367396,380663,SV Zulte Waregem
360728,367433,Sporting Kansas City
209979,240718,Eintracht Frankfurt
358736,319428,Feyenoord Rotterdam
358736,313021,Feyenoord Rotterdam
358736,358732,Feyenoord Rotterdam
358736,336085,Feyenoord Rotterdam
319428,313021,Feyenoord Rotterdam
319428,358732,Feyenoord Rotterdam
319428,336085,Feyenoord Rotterdam
313021,358732,Feyenoord Rotterdam
313021,336085,Feyenoord Rotterdam
358732,336085,Feyenoord Rotterdam
178119,303394,Club Leon
178119,379264,Club Leon
303394,379264,Club Leon
353119,359448,AS Saint-Etienne
353119,376360,AS Saint-Etienne
359448,376360,AS Saint-Etienne
358049,300237,FC Spartak Moscow
305378,184320,Botafogo FR
321745,363578,Ulsan Hyundai FC
321745,274281,Ulsan Hyundai FC
363578,274281,Ulsan Hyundai FC
291389,267527,Cardiff City FC
268594,321734,FC Tokyo
297112,273291,Celtic FC
297112,230117,Celtic FC
297112,362881,Celtic FC
273291,230117,Celtic FC
273291,362881,Celtic FC
230117,362881,Celtic FC
198243,367557,Toulouse FC
198243,370522,Toulouse FC
367557,370522,Toulouse FC
237949,213124,Esteghlal Tehran FC
237949,295157,Esteghlal Tehran FC
237949,306206,Esteghlal Tehran FC
213124,295157,Esteghlal Tehran FC
213124,306206,Esteghlal Tehran FC
295157,306206,Esteghlal Tehran FC
298582,199600,Stade Rennais FC
290605,197411,Melbourne Victory FC
304934,209502,Wigan Athletic FC
304934,296303,Wigan Athletic FC
209502,296303,Wigan Athletic FC
239433,253999,West Bromwich Albion FC
300407,311174,TSG 1899 Hoffenheim
365464,230114,CD Motagua
177768,184373,Gamba Osaka
200847,373555,Hertha BSC
178403,319436,Norwich City FC
278072,329745,Perspolis FC
278072,267344,Perspolis FC
278072,353379,Perspolis FC
329745,267344,Perspolis FC
329745,353379,Perspolis FC
267344,353379,Perspolis FC
364707,315424,Middlesbrough FC
3408,229436,Atalanta Bergamo
268821,379974,Columbus Crew
330693,216006,RSC Anderlecht
268822,301165,CS Herediano
268822,199160,CS Herediano
301165,199160,CS Herediano
245156,178630,Club Universidad de Chile
299086,185359,Bologna FC
299086,360109,Bologna FC
185359,360109,Bologna FC
207946,176971,Trabzonspor
313805,208120,Deportivo Saprissa
313805,307541,Deportivo Saprissa
208120,307541,Deportivo Saprissa
356409,216650,SC Freiburg
356409,299904,SC Freiburg
356409,379736,SC Freiburg
216650,299904,SC Freiburg
216650,379736,SC Freiburg
299904,379736,SC Freiburg
216715,276139,Aston Villa FC
339551,178185,CD Olimpia
339551,213871,CD Olimpia
339551,270400,CD Olimpia
178185,213871,CD Olimpia
178185,270400,CD Olimpia
213871,270400,CD Olimpia
181930,275793,CS Emelec
181930,229450,CS Emelec
275793,229450,CS Emelec
288961,298516,Sepahan FC
356459,291332,Caykur Rizespor
175512,184982,Real Salt Lake
237071,181951,Houston Dynamo
197409,370062,Brisbane Roar FC
215484,199175,Levante UD
274703,201001,CA Boca Juniors
210702,357990,Panathinaikos FC
210702,362645,Panathinaikos FC
357990,362645,Panathinaikos FC
175546,350129,Deportivo Toluca FC
175546,371042,Deportivo Toluca FC
350129,371042,Deportivo Toluca FC
299066,359436,Sporting Braga
299066,368708,Sporting Braga
359436,368708,Sporting Braga
198117,290822,Standard Liege
198117,269071,Standard Liege
290822,269071,Standard Liege
354873,215285,AC Ajaccio
306180,274283,Queens Park Rangers FC
317072,336434,Olympique Lyonnais
321682,359375,Getafe CF
202280,302630,Barcelona SC
202280,349576,Barcelona SC
302630,349576,Barcelona SC
228328,355023,Granada CF
228328,366309,Granada CF
355023,366309,Granada CF
359997,379808,HNK Hajduk Split
278126,274329,Kashiwa Reysol
268911,356518,Sanfrecce Hiroshima
228942,306780,Torino FC
228942,288824,Torino FC
228942,319413,Torino FC
306780,288824,Torino FC
306780,319413,Torino FC
288824,319413,Torino FC
358738,319432,AFC Ajax
358738,313051,AFC Ajax
319432,313051,AFC Ajax
312987,339117,Club Brugge KV
370523,379164,Fortuna Duesseldorf
355859,380060,Coton Sport FC
